event,division,rank,name,nation,total_time,result_id,Running 1,1000m SkiErg,Running 2,50m Sled Push,Running 3,50m Sled Pull,Running 4,80m Burpee Broad Jump,Running 5,1000m Row,Running 6,200m Farmers Carry,Running 7,100m Sandbag Lunges,Running 8,Wall Balls,Running Total,Workouts Total,Roxzone Total,Total Time
s8-2025-beijing,hyrox-men,1,Rik Beugel,NL,58:47,LR3MS4JI36EC8C,199,253,208,177,211,202,215,199,220,256,212,94,218,178,232,197,1713,1556,258,3527
s8-2025-beijing,hyrox-men,2,Jack Brownie,NZ,59:02,LR3MS4JI36E92D,204,258,204,149,214,189,221,177,222,248,217,86,215,174,246,262,1739,1543,260,3542
s8-2025-beijing,hyrox-men,3,Beomseok Hong,KR,59:30,LR3MS4JI36EC95,213,238,222,147,234,187,233,172,237,245,234,99,239,147,259,188,1867,1423,280,3570
s8-2025-beijing,hyrox-men,4,Nam Kitae,KR,1:00:52,LR3MS4JI36E960,213,238,222,175,229,210,234,143,234,255,225,97,227,173,248,270,1827,1561,264,3652
s8-2025-beijing,hyrox-men,5,琰 苏,CN,1:01:11,LR3MS4JI375BA0,217,243,209,115,237,218,236,185,239,252,217,104,219,215,242,219,1813,1551,307,3671
s8-2025-beijing,hyrox-men,6,Yookwon Doh,KR,1:02:08,LR3MS4JI375A0F,213,255,225,159,241,216,236,150,247,259,245,99,247,190,247,219,1897,1547,284,3728
s8-2025-beijing,hyrox-men,7,Daehyun Han,KR,1:02:20,LR3MS4JI36EC16,211,245,216,160,222,212,224,206,231,254,231,113,229,202,248,269,1809,1661,270,3740
s8-2025-beijing,hyrox-men,8,Mohd Saddam Mohd Pittli,MY,1:02:39,LR3MS4JI36EBEA,202,256,209,171,225,212,222,170,231,258,225,114,222,242,241,290,1772,1713,274,3759
s8-2025-beijing,hyrox-men,9,Junhyeon Jeon,KR,1:02:49,LR3MS4JI36E97D,210,237,215,167,222,227,217,182,226,250,224,101,222,181,240,388,1773,1733,263,3769
s8-2025-beijing,hyrox-men,10,Oliver Marks,GB,1:02:59,LR3MS4JI36E7D8,207,254,214,164,223,228,224,205,228,262,221,100,218,235,244,272,1777,1720,282,3779
s8-2025-beijing,hyrox-men,11,鹏 陆,CN,1:04:09,LR3MS4JI375D51,229,251,231,120,249,222,242,189,249,261,240,103,247,212,268,225,1951,1583,315,3849
s8-2025-beijing,hyrox-men,12,Enoch Lam,HK,1:04:40,LR3MS4JI375816,211,246,218,155,234,236,237,168,257,252,258,106,256,192,279,258,1947,1613,320,3880
s8-2025-beijing,hyrox-men,13,嘉豪 李,CN,1:05:13,LR3MS4JI375D87,205,250,231,140,248,204,248,188,253,251,241,109,229,233,254,272,1906,1647,360,3913
s8-2025-beijing,hyrox-men,14,Emmanuel Lemire,US,1:05:38,LR3MS4JI375CA5,214,260,211,157,218,250,226,300,232,274,220,97,233,231,242,258,1793,1827,318,3938
s8-2025-beijing,hyrox-men,15,상우 박,KR,1:05:44,LR3MS4JI36E8AD,250,255,252,170,248,248,246,162,242,259,249,121,241,182,260,254,1986,1651,307,3944
s8-2025-beijing,hyrox-men,16,Michele Rudelli,IT,1:05:58,LR3MS4JI36EB40,228,256,231,160,245,232,241,193,247,253,241,95,248,192,267,325,1943,1706,309,3958
s8-2025-beijing,hyrox-men,17,Louis Chacon,FR,1:06:24,LR3MS4JI36EA98,221,255,224,170,239,203,243,245,256,268,247,113,253,222,285,260,1964,1736,284,3984
s8-2025-beijing,hyrox-men,18,易龙 邵秦,CN,1:06:45,LR3MS4JI375B71,228,252,231,149,231,203,233,166,239,263,233,220,241,241,261,318,1894,1812,299,4005
s8-2025-beijing,hyrox-men,19,Sinthu Kosasih,TH,1:07:17,LR3MS4JI36E959,233,251,233,177,250,242,252,180,258,256,253,102,252,230,277,283,2004,1721,312,4037
s8-2025-beijing,hyrox-men,20,석균 윤,KR,1:07:42,LR3MS4JI36E7BA,215,253,225,175,543,200,228,151,227,270,228,125,225,226,251,241,2140,1641,281,4062
s8-2025-beijing,hyrox-men,21,종호 박,KR,1:07:56,LR3MS4JI36EAE6,218,255,239,151,255,247,251,208,266,260,244,226,236,189,279,262,1984,1798,294,4076
s8-2025-beijing,hyrox-men,22,Jordan Tze Lun Bong,MY,1:08:10,LR3MS4JI375AA3,236,251,235,154,254,215,256,188,265,265,257,119,266,211,268,297,2034,1700,356,4090
s8-2025-beijing,hyrox-men,23,Tommy Saggus,AU,1:08:32,LR3MS4JI36E87A,235,251,243,148,258,223,260,239,262,263,260,93,258,234,273,299,2047,1750,315,4112
s8-2025-beijing,hyrox-men,24,Jiwoan Song,KR,1:08:36,LR3MS4JI36E9B2,227,255,245,192,257,266,258,168,272,272,264,124,257,190,278,264,2055,1731,330,4116
s8-2025-beijing,hyrox-men,25,Edward Soon,SG,1:08:41,LR3MS4JI36EC92,249,257,241,180,252,248,252,213,252,271,247,101,250,242,268,266,2008,1778,335,4121
s8-2025-beijing,hyrox-men,26,Filipe Duarte,PT,1:08:43,LR3MS4JI36EA37,227,250,236,145,260,260,254,186,258,262,254,110,247,252,268,346,2000,1811,312,4123
s8-2025-beijing,hyrox-men,27,珂 马,CN,1:08:45,LR3MS4JI3759AE,224,263,235,165,254,299,247,186,242,273,246,132,251,248,267,301,1963,1867,295,4125
s8-2025-beijing,hyrox-men,28,Wang Kong Yip,HK,1:08:46,LR3MS4JI3758D3,255,258,253,151,261,223,255,189,256,275,250,106,250,204,264,328,2042,1734,350,4126
s8-2025-beijing,hyrox-men,29,Alim Roslan,BN,1:08:48,LR3MS4JI36EABA,214,245,240,154,259,235,260,195,277,268,269,105,259,200,301,312,2075,1714,339,4128
s8-2025-beijing,hyrox-men,30,Nick Brown,HK,1:08:58,LR3MS4JI375740,236,260,242,195,251,223,249,168,256,270,254,103,264,208,295,314,2043,1741,354,4138
s8-2025-beijing,hyrox-men,31,Hangil Ko,KR,1:09:05,LR3MS4JI36EC5A,216,246,238,157,262,235,256,183,261,275,251,125,269,252,302,309,2052,1782,311,4145
s8-2025-beijing,hyrox-men,32,Munkhbayar Enkhbold,XX,1:09:47,LR3MS4JI375925,308,246,338,150,238,216,239,209,249,272,242,103,241,241,274,306,2126,1743,318,4187
s8-2025-beijing,hyrox-men,33,Barnaby Bibb,GB,1:10:22,LR3MS4JI36EC98,234,255,240,145,249,257,254,247,250,253,253,130,247,255,278,349,2001,1891,330,4222
s8-2025-beijing,hyrox-men,34,민식 변,KR,1:10:34,LR3MS4JI36EBCB,252,250,249,178,251,245,249,227,254,266,256,112,253,318,278,283,2038,1879,317,4234
s8-2025-beijing,hyrox-men,35,Sangwook Pak,KR,1:11:10,LR3MS4JI373EEB,235,256,248,149,290,248,274,276,274,273,266,110,275,179,291,294,2149,1785,336,4270
s8-2025-beijing,hyrox-men,36,Pesdy Tay,SG,1:11:35,LR3MS4JI36EBFD,234,275,236,196,251,281,251,262,250,291,251,115,252,269,273,280,1994,1969,332,4295
s8-2025-beijing,hyrox-men,37,胜杰 崔,CN,1:11:44,LR3MS4JI375B41,224,248,248,173,277,287,273,204,293,263,279,128,256,210,309,262,2155,1775,374,4304
s8-2025-beijing,hyrox-men,38,Jose Javier Terren Morales,ES,1:11:48,LR3MS4JI37584F,256,247,256,143,260,217,267,258,271,264,266,116,267,294,297,289,2138,1828,342,4308
s8-2025-beijing,hyrox-men,39,泽翔 鄂,CN,1:12:16,LR3MS4JI375A60,242,257,264,163,266,241,275,214,287,263,275,127,277,256,285,301,2166,1822,348,4336
s8-2025-beijing,hyrox-men,40,Jason Paul,US,1:12:29,LR3MS4JI375BDD,230,272,221,220,232,307,229,313,238,273,231,124,233,266,248,380,1858,2155,336,4349
s8-2025-beijing,hyrox-men,41,Will Brownie,NZ,1:12:31,LR3MS4JI36EBBE,239,264,240,188,257,246,262,260,263,285,262,127,267,281,290,288,2076,1939,336,4351
s8-2025-beijing,hyrox-men,42,Frank Nankivell,GB,1:12:35,LR3MS4JI36EB05,207,269,233,152,286,277,285,292,270,284,259,112,256,266,277,294,2070,1946,339,4355
s8-2025-beijing,hyrox-men,43,Jeffrey Lai,HK,1:12:46,LR3MS4JI3757E7,250,275,266,219,274,263,268,171,286,280,274,116,280,231,299,280,2194,1835,337,4366
s8-2025-beijing,hyrox-men,44,Leonard David Wee,SG,1:12:49,LR3MS4JI36E8BA,235,280,231,185,256,303,253,278,261,288,252,108,261,304,266,298,2012,2044,313,4369
s8-2025-beijing,hyrox-men,45,Seena Akbary,US,1:12:58,LR3MS4JI36E864,238,246,249,205,245,268,249,226,252,270,262,121,256,271,284,378,2031,1985,362,4378
s8-2025-beijing,hyrox-men,46,Scott Dike,US,1:13:02,LR3MS4JI36E919,235,270,252,170,272,274,279,235,281,274,271,95,286,214,321,295,2193,1827,362,4382
s8-2025-beijing,hyrox-men,47,Lewis Lim,SG,1:13:23,LR3MS4JI36EA61,239,278,241,186,268,269,262,277,268,283,252,110,251,254,265,363,2042,2020,341,4403
s8-2025-beijing,hyrox-men,48,·艾尼瓦尔 伊力夏提,CN,1:13:30,LR3MS4JI375AAB,262,268,251,133,268,233,258,233,272,252,280,125,258,277,285,409,2131,1930,349,4410
s8-2025-beijing,hyrox-men,49,泽楠 陈,CN,1:13:37,LR3MS4JI3756F0,250,261,260,167,275,270,276,230,279,263,280,124,275,279,306,272,2198,1866,353,4417
s8-2025-beijing,hyrox-men,50,Lorenzo Francesco Lanzani,IT,1:13:42,LR3MS4JI375A47,226,262,223,213,251,359,255,256,253,279,261,107,257,260,289,383,2012,2119,291,4422
s8-2025-beijing,hyrox-men,51,博皓 贾,CN,1:13:44,LR3MS4JI375CEC,244,255,253,124,297,256,284,264,286,272,277,111,268,229,291,291,2195,1802,427,4424
s8-2025-beijing,hyrox-men,52,建华 林,CN,1:13:46,LR3MS4JI375A9C,244,264,247,170,285,270,273,242,270,270,282,146,280,248,291,291,2167,1901,358,4426
s8-2025-beijing,hyrox-men,53,Aleksandr (HYROX) Baldin,XX,1:13:48,LR3MS4JI36E7A3,235,255,246,165,266,291,274,327,267,257,263,90,268,288,301,304,2118,1977,333,4428
s8-2025-beijing,hyrox-men,54,罡 周,CN,1:13:53,LR3MS4JI375812,255,255,272,149,286,263,295,269,300,266,286,117,303,248,307,213,2299,1780,354,4433
s8-2025-beijing,hyrox-men,55,潇溢 查,CN,1:14:16,LR3MS4JI3758F3,252,272,245,153,248,300,351,197,258,271,249,85,257,270,276,474,2133,2022,301,4456
s8-2025-beijing,hyrox-men,56,Rangsan Sinthugerd,TH,1:14:26,LR3MS4JI36EA07,233,256,246,209,267,270,274,227,281,269,273,117,277,266,303,357,2151,1971,344,4466
s8-2025-beijing,hyrox-men,57,Ian Cheung,HK,1:14:40,LR3MS4JI375912,272,272,256,202,253,245,254,191,287,277,259,106,271,227,305,444,2152,1964,364,4480
s8-2025-beijing,hyrox-men,58,浩 苗,CN,1:14:41,LR3MS4JI375BBF,254,253,235,157,239,272,231,306,242,255,258,138,263,261,385,333,2102,1975,404,4481
s8-2025-beijing,hyrox-men,59,Munkhbileg Batmunkh,XX,1:14:46,LR3MS4JI375867,243,255,265,201,279,249,270,214,287,269,322,106,330,226,290,279,2283,1799,404,4486
s8-2025-beijing,hyrox-men,60,Khai Mhd,SG,1:15:04,LR3MS4JI36EB24,258,250,254,182,262,248,266,218,258,276,268,152,278,296,287,387,2127,2009,368,4504
s8-2025-beijing,hyrox-men,61,立昶 朱,CN,1:15:06,LR3MS4JI375D78,206,264,215,182,230,354,227,276,219,256,224,132,226,288,253,674,1796,2426,284,4506
s8-2025-beijing,hyrox-men,62,修权 庞,CN,1:15:08,LR3MS4JI37582F,235,261,246,162,269,268,268,224,277,278,283,108,284,427,322,247,2179,1975,354,4508
s8-2025-beijing,hyrox-men,63,Cj Chan,HK,1:15:18,LR3MS4JI375B09,240,256,270,221,264,282,274,235,276,274,277,97,271,331,278,268,2146,1964,408,4518
s8-2025-beijing,hyrox-men,64,Januar Karimata,XX,1:15:35,LR3MS4JI36EB46,237,269,263,216,277,309,270,219,273,277,270,112,265,231,338,358,2190,1991,354,4535
s8-2025-beijing,hyrox-men,65,纪元 周,CN,1:15:35,LR3MS4JI3757BD,273,257,273,171,292,235,291,255,295,263,285,103,306,205,327,304,2339,1793,403,4535
s8-2025-beijing,hyrox-men,66,德邻 钟,HK,1:15:36,LR3MS4JI37582A,248,271,265,199,277,257,273,246,271,279,270,120,276,269,306,380,2182,2021,333,4536
s8-2025-beijing,hyrox-men,67,Chanon Wangtal,TH,1:15:37,LR3MS4JI36EB8B,235,277,250,182,264,259,256,262,265,274,253,126,256,307,290,434,2064,2121,352,4537
s8-2025-beijing,hyrox-men,68,Matthew Lim,SG,1:15:37,LR3MS4JI36EA3A,240,278,251,217,268,280,262,191,262,279,270,149,269,290,302,363,2121,2047,369,4537
s8-2025-beijing,hyrox-men,69,Chun Hei Chan,HK,1:15:43,LR3MS4JI36EC9A,241,307,235,205,245,318,257,256,250,306,244,93,245,301,265,441,1979,2227,337,4543
s8-2025-beijing,hyrox-men,70,Nate Nelson,US,1:15:54,LR3MS4JI36E846,274,273,274,140,289,247,293,272,300,273,289,88,301,315,294,268,2311,1876,367,4554
s8-2025-beijing,hyrox-men,71,宋建 张,CN,1:15:54,LR3MS4JI375C35,237,256,238,175,254,346,252,268,291,291,253,116,247,311,288,284,2055,2047,452,4554
s8-2025-beijing,hyrox-men,72,皓涵 張,CN,1:16:02,LR3MS4JI375B53,241,256,256,159,280,259,279,323,287,268,275,113,284,296,313,275,2213,1949,400,4562
s8-2025-beijing,hyrox-men,73,Pak Kin Wong,HK,1:16:06,LR3MS4JI36E962,223,273,245,191,276,280,258,216,277,276,272,122,262,288,341,362,2151,2008,407,4566
s8-2025-beijing,hyrox-men,74,先锋 董,CN,1:16:30,LR3MS4JI375B6F,221,271,558,163,260,240,261,199,263,266,260,99,267,290,295,320,2382,1848,360,4590
s8-2025-beijing,hyrox-men,75,Je Ryul Park,KR,1:16:35,LR3MS4JI36EC50,235,269,249,208,273,279,276,201,289,283,278,145,279,285,305,384,2180,2054,361,4595
s8-2025-beijing,hyrox-men,76,全 张,CN,1:16:38,LR3MS4JI375A6D,238,247,249,183,264,333,266,270,298,267,273,108,268,221,336,305,2190,1934,474,4598
s8-2025-beijing,hyrox-men,77,Duncan Koh,SG,1:16:43,LR3MS4JI36EA8B,272,287,257,189,275,271,282,302,291,296,274,134,274,291,301,281,2221,2051,331,4603
s8-2025-beijing,hyrox-men,78,Caleb Hurt,AU,1:16:44,LR3MS4JI36E8AA,232,233,234,142,247,198,257,302,276,274,274,120,257,281,352,586,2124,2136,344,4604
s8-2025-beijing,hyrox-men,79,晓宇 陈,CN,1:16:47,LR3MS4JI37590A,243,261,266,169,303,317,295,230,305,271,291,139,288,238,314,291,2303,1916,388,4607
s8-2025-beijing,hyrox-men,80,全义 王,CN,1:16:50,LR3MS4JI375BB9,222,261,246,158,285,271,271,281,286,301,283,142,277,253,331,354,2197,2021,392,4610
s8-2025-beijing,hyrox-men,81,坚 麦,CN,1:16:54,LR3MS4JI375800,234,258,268,161,288,300,279,269,303,262,283,117,262,245,334,353,2246,1965,403,4614
s8-2025-beijing,hyrox-men,82,Pierre-François Righetti,CH,1:16:59,LR3MS4JI36EC06,233,275,262,162,278,260,275,313,278,274,278,116,286,267,320,380,2206,2047,366,4619
s8-2025-beijing,hyrox-men,83,Daniel Derda,DE,1:17:02,LR3MS4JI36E99E,220,250,234,166,257,253,315,364,276,273,263,93,265,287,296,505,2124,2191,307,4622
s8-2025-beijing,hyrox-men,84,唯程 管,CN,1:17:09,LR3MS4JI375971,207,272,239,255,257,374,233,208,248,280,254,102,265,205,307,380,2006,2076,547,4629
s8-2025-beijing,hyrox-men,85,Man Chun Chung,HK,1:17:11,LR3MS4JI375B4F,226,256,239,201,249,310,248,241,258,271,262,124,309,404,255,292,2042,2099,490,4631
s8-2025-beijing,hyrox-men,86,振华 张,CN,1:17:19,LR3MS4JI375B2F,218,284,226,212,239,353,244,218,246,285,239,132,238,341,283,544,1928,2369,342,4639
s8-2025-beijing,hyrox-men,87,保羅 楊,CN,1:17:32,LR3MS4JI37587D,258,254,285,155,288,234,291,193,308,265,304,120,302,251,337,371,2369,1843,440,4652
s8-2025-beijing,hyrox-men,88,Yeongtae Park,KR,1:17:45,LR3MS4JI373F86,240,259,255,194,268,276,276,319,409,273,282,119,282,262,306,297,2314,1999,352,4665
s8-2025-beijing,hyrox-men,89,Kinlong Cheung,HK,1:17:45,LR3MS4JI373F84,243,273,251,200,266,364,253,307,262,293,249,116,252,347,294,335,2066,2235,364,4665
s8-2025-beijing,hyrox-men,90,Anhar Ali,BD,1:17:56,LR3MS4JI36EB94,218,277,231,243,256,287,255,200,282,281,255,137,259,352,318,442,2070,2219,387,4676
s8-2025-beijing,hyrox-men,91,Andrei (HYROX) Titomir,XX,1:18:04,LR3MS4JI36E8C6,234,260,248,177,284,298,261,314,257,266,246,97,246,422,335,370,2107,2204,373,4684
s8-2025-beijing,hyrox-men,92,轩宇 赵,CN,1:18:29,LR3MS4JI375AB8,246,269,261,193,287,292,285,244,291,276,283,116,288,216,363,372,2299,1978,432,4709
s8-2025-beijing,hyrox-men,93,Seonggyul Kim,KR,1:18:31,LR3MS4JI36E9CC,253,276,250,167,275,283,263,270,275,284,272,119,267,287,312,471,2165,2157,389,4711
s8-2025-beijing,hyrox-men,94,Bradley Hopkins,GB,1:18:33,LR3MS4JI375956,258,260,273,208,300,250,299,260,305,262,290,108,296,286,342,322,2360,1956,397,4713
s8-2025-beijing,hyrox-men,95,Felix Engelhardt,MY,1:18:37,LR3MS4JI36E9D9,237,259,247,212,265,275,260,266,267,282,270,143,264,291,292,518,2097,2246,374,4717
s8-2025-beijing,hyrox-men,96,Richard Tey,SG,1:18:39,LR3MS4JI36EBFB,247,284,255,204,262,307,267,243,282,292,282,138,281,301,290,361,2163,2130,426,4719
s8-2025-beijing,hyrox-men,97,Pierce Maxwell,IE,1:18:39,LR3MS4JI36E9A8,246,280,246,189,269,324,265,309,249,288,249,91,286,324,295,476,2101,2281,337,4719
s8-2025-beijing,hyrox-men,98,Rodney Sargeant,AU,1:18:40,LR3MS4JI36E905,259,265,275,199,277,285,283,291,287,292,290,110,292,287,331,325,2291,2054,375,4720
s8-2025-beijing,hyrox-men,99,天添 张,CN,1:18:53,LR3MS4JI375C2B,267,293,264,173,286,300,279,255,281,282,280,123,277,275,320,353,2252,2054,427,4733
s8-2025-beijing,hyrox-men,100,Brian Chan,HK,1:18:56,LR3MS4JI36E945,267,294,271,199,283,310,281,281,288,290,287,177,270,294,282,337,2225,2182,329,4736
s8-2025-beijing,hyrox-men,101,Peter Kuhn,US,1:19:23,LR3MS4JI375B40,271,250,291,213,279,275,290,245,303,273,301,110,330,350,296,265,2358,1981,424,4763
s8-2025-beijing,hyrox-men,102,洋 龚,CN,1:19:32,LR3MS4JI375CAD,272,275,266,153,316,296,302,194,335,284,317,129,322,243,312,311,2438,1885,449,4772
s8-2025-beijing,hyrox-men,103,旭 魏,CN,1:19:34,LR3MS4JI375D93,240,261,256,181,284,261,287,274,301,282,291,141,338,239,408,268,2401,1907,466,4774
s8-2025-beijing,hyrox-men,104,云振 王,CN,1:19:34,LR3MS4JI3759E3,228,260,344,214,272,335,264,358,277,277,265,114,255,242,304,378,2206,2178,390,4774
s8-2025-beijing,hyrox-men,105,天旸 倪,CN,1:19:48,LR3MS4JI3757C7,277,275,290,175,308,267,316,216,316,279,311,114,319,278,334,263,2466,1867,455,4788
s8-2025-beijing,hyrox-men,106,林星 刘,CN,1:19:54,LR3MS4JI375C2D,272,278,269,143,289,314,321,225,292,270,306,118,327,235,359,320,2433,1903,458,4794
s8-2025-beijing,hyrox-men,107,岱霖 孙,CN,1:20:08,LR3MS4JI375D89,221,257,276,178,284,342,272,392,269,273,277,139,268,272,295,333,2159,2186,463,4808
s8-2025-beijing,hyrox-men,108,建封 任,CN,1:20:23,LR3MS4JI375C77,279,262,299,188,317,287,311,272,313,276,279,134,270,311,322,308,2387,2038,398,4823
s8-2025-beijing,hyrox-men,109,锴 殷,CN,1:20:24,LR3MS4JI375C8F,279,290,270,205,289,360,283,213,274,281,287,158,275,310,321,329,2274,2146,404,4824
s8-2025-beijing,hyrox-men,110,Greg Lock,HK,1:20:26,LR3MS4JI373F22,267,276,268,212,281,267,265,229,267,296,274,152,278,272,356,503,2253,2207,366,4826
s8-2025-beijing,hyrox-men,111,Dorjkhuu Bold,XX,1:20:29,LR3MS4JI375924,310,234,338,161,361,219,371,190,376,250,370,100,385,210,390,257,2897,1621,311,4829
s8-2025-beijing,hyrox-men,112,洪涛 乔,CN,1:20:32,LR3MS4JI375794,219,253,353,208,160,385,284,232,296,290,296,59,264,310,294,410,2163,2147,522,4832
s8-2025-beijing,hyrox-men,113,Kody Ko,HK,1:20:37,LR3MS4JI373EBC,244,265,243,183,282,260,280,280,304,288,292,108,292,340,339,414,2273,2138,426,4837
s8-2025-beijing,hyrox-men,114,Tak Fai Chan,HK,1:20:44,LR3MS4JI36EC91,247,272,267,225,280,316,278,284,289,296,288,136,295,302,324,362,2263,2193,388,4844
s8-2025-beijing,hyrox-men,115,建雄 黄,CN,1:20:56,LR3MS4JI3759EE,256,286,245,243,257,411,272,185,276,293,285,119,262,309,302,431,2152,2277,427,4856
s8-2025-beijing,hyrox-men,116,治文 冯,CN,1:20:59,LR3MS4JI3758DE,226,255,248,218,260,417,248,314,254,280,253,153,250,383,280,391,2015,2411,433,4859
s8-2025-beijing,hyrox-men,117,Yi Zang Ong,BN,1:21:06,LR3MS4JI36EB36,324,276,313,189,327,272,311,263,280,286,270,116,283,327,299,346,2404,2075,387,4866
s8-2025-beijing,hyrox-men,118,文昊 朱,CN,1:21:07,LR3MS4JI37597A,254,276,294,217,309,341,292,221,290,284,291,123,285,281,321,362,2332,2105,430,4867
s8-2025-beijing,hyrox-men,119,Tan Trung Dr Luong,DE,1:21:09,LR3MS4JI36EC67,233,278,256,161,286,316,412,330,285,278,287,86,289,290,314,387,2360,2126,383,4869
s8-2025-beijing,hyrox-men,120,崇康 赵,CN,1:21:11,LR3MS4JI375A16,244,271,265,200,278,319,286,280,289,293,279,126,277,247,324,316,2239,2052,580,4871
s8-2025-beijing,hyrox-men,121,Shimpei Iwata,JP,1:21:13,LR3MS4JI36EA70,268,276,257,182,282,276,287,289,302,289,294,108,311,266,335,432,2332,2118,423,4873
s8-2025-beijing,hyrox-men,122,Ka Wai Lam,HK,1:21:16,LR3MS4JI373FE3,245,268,255,228,261,346,263,286,265,275,270,162,265,350,287,519,2108,2434,334,4876
s8-2025-beijing,hyrox-men,123,Yuen Mun Ho,HK,1:21:23,LR3MS4JI375C8A,252,262,277,218,289,311,289,266,289,278,285,120,291,337,314,408,2281,2200,402,4883
s8-2025-beijing,hyrox-men,124,肖立 朱,CN,1:21:38,LR3MS4JI375694,267,297,282,180,297,353,279,263,288,281,295,128,285,265,317,333,2306,2100,492,4898
s8-2025-beijing,hyrox-men,125,良 单,CN,1:21:47,LR3MS4JI37594E,287,297,294,186,303,284,314,230,312,278,311,141,294,284,328,358,2441,2058,408,4907
s8-2025-beijing,hyrox-men,126,凯 崔,CN,1:21:47,LR3MS4JI3757BB,219,272,255,232,581,419,260,244,258,259,277,152,252,256,287,288,2385,2122,400,4907
s8-2025-beijing,hyrox-men,127,Hakimi Noordin,MY,1:21:47,LR3MS4JI36E7F6,235,286,262,250,304,266,292,292,301,298,255,166,272,316,284,368,2201,2242,464,4907
s8-2025-beijing,hyrox-men,128,Aaron Varley,XX,1:22:00,LR3MS4JI36EA25,247,290,253,208,282,339,290,347,272,302,256,99,271,294,320,415,2187,2294,439,4920
s8-2025-beijing,hyrox-men,129,家祥 于,CN,1:22:01,LR3MS4JI375DAA,268,266,2081,,,,,,,254,,,,,,,2349,520,2052,4921
s8-2025-beijing,hyrox-men,130,越芃 毕,CN,1:22:04,LR3MS4JI375732,255,285,260,225,288,360,289,195,285,303,278,162,289,309,339,443,2280,2282,362,4924
s8-2025-beijing,hyrox-men,131,Shawn Cho,NZ,1:22:08,LR3MS4JI36EACF,264,275,277,214,297,286,305,276,313,278,301,128,300,329,346,317,2400,2103,425,4928
s8-2025-beijing,hyrox-men,132,鸣 齐,CN,1:22:11,LR3MS4JI375C49,225,275,239,170,250,363,252,267,264,294,258,141,255,352,290,680,2029,2542,360,4931
s8-2025-beijing,hyrox-men,133,Chun Wee Lim,SG,1:22:11,LR3MS4JI375B83,285,279,282,227,298,305,296,241,306,291,293,138,302,286,334,373,2393,2140,398,4931
s8-2025-beijing,hyrox-men,134,Jimmy Thai,FR,1:22:15,LR3MS4JI375D24,235,248,250,160,283,314,282,351,288,286,283,98,285,315,345,377,2247,2149,539,4935
s8-2025-beijing,hyrox-men,135,昂 赵,CN,1:22:16,LR3MS4JI375BB1,235,265,238,229,235,394,234,271,245,286,242,161,255,274,313,639,1995,2519,422,4936
s8-2025-beijing,hyrox-men,136,Brandon Lim,SG,1:22:19,LR3MS4JI36EAE4,267,272,276,224,294,310,291,291,295,307,291,151,286,328,315,388,2313,2271,355,4939
s8-2025-beijing,hyrox-men,137,斌 张,CN,1:22:19,LR3MS4JI37591B,239,282,246,196,261,429,258,295,277,275,272,123,264,274,311,356,2125,2230,584,4939
s8-2025-beijing,hyrox-men,138,Cliff Chan,HK,1:22:30,LR3MS4JI373F21,272,277,268,172,270,287,274,411,278,295,275,134,282,290,304,408,2219,2274,457,4950
s8-2025-beijing,hyrox-men,139,Benjamin Chu,HK,1:22:31,LR3MS4JI36E95D,301,258,287,201,305,278,294,271,320,269,319,151,297,251,344,421,2461,2100,390,4951
s8-2025-beijing,hyrox-men,140,晓光 胡,CN,1:22:39,LR3MS4JI375A78,220,270,271,272,275,336,273,331,255,285,264,110,285,290,317,526,2157,2420,382,4959
s8-2025-beijing,hyrox-men,141,Ng Mark,SG,1:22:51,LR3MS4JI36E7D6,297,269,285,198,303,365,296,344,316,279,311,141,299,488,349,,2452,2084,435,4971
s8-2025-beijing,hyrox-men,142,Matee Kanchanapan,TH,1:22:59,LR3MS4JI36E994,234,278,250,249,302,309,283,246,303,285,290,119,287,274,312,431,2259,2191,529,4979
s8-2025-beijing,hyrox-men,143,Gary Mears,GB,1:23:05,LR3MS4JI36E9A9,242,257,267,243,292,324,298,353,297,299,285,108,294,293,318,403,2289,2280,416,4985
s8-2025-beijing,hyrox-men,144,增颜 矫,CN,1:23:06,LR3MS4JI375A2B,239,264,265,214,307,299,306,312,305,301,292,115,276,304,297,426,2284,2235,467,4986
s8-2025-beijing,hyrox-men,145,Daniel Soh,SG,1:23:08,LR3MS4JI36EB57,288,258,296,167,321,306,315,241,325,282,320,130,316,323,329,354,2506,2061,421,4988
s8-2025-beijing,hyrox-men,146,Pieter Verstraete,BE,1:23:10,LR3MS4JI36EAC2,254,262,267,174,582,268,274,282,283,286,278,103,282,285,314,367,2529,2027,434,4990
s8-2025-beijing,hyrox-men,147,智 饶,CN,1:23:11,LR3MS4JI375C58,267,286,283,183,306,299,297,282,298,294,285,118,301,315,319,416,2353,2193,445,4991
s8-2025-beijing,hyrox-men,148,唯祎 莫,CN,1:23:13,LR3MS4JI375A14,244,272,257,222,274,351,270,219,286,287,314,146,315,346,407,282,2364,2125,504,4993
s8-2025-beijing,hyrox-men,149,劭勤 张,CN,1:23:17,LR3MS4JI375947,266,282,274,160,287,299,285,255,285,282,281,109,284,280,312,617,2270,2284,443,4997
s8-2025-beijing,hyrox-men,150,Willy Tan,MY,1:23:18,LR3MS4JI36E8F6,262,278,268,205,286,281,285,323,293,283,300,143,302,339,323,336,2316,2188,494,4998
s8-2025-beijing,hyrox-men,151,Sungho Lee,KR,1:23:26,LR3MS4JI36E87F,278,251,292,197,313,284,301,326,307,261,306,121,304,342,344,376,2441,2158,407,5006
s8-2025-beijing,hyrox-men,152,Chun Hong Lam,HK,1:23:26,LR3MS4JI375A41,256,242,284,185,309,278,308,363,319,291,308,139,295,308,316,387,2391,2193,422,5006
s8-2025-beijing,hyrox-men,153,鹏飞 蒋,CN,1:23:29,LR3MS4JI375689,285,277,289,158,325,353,313,282,322,277,309,109,316,295,342,319,2498,2070,441,5009
s8-2025-beijing,hyrox-men,154,宝锐 杜,CN,1:23:30,LR3MS4JI375691,255,282,257,179,283,268,281,240,301,293,285,152,278,274,345,580,2281,2268,461,5010
s8-2025-beijing,hyrox-men,155,晓宇 刘,CN,1:23:31,LR3MS4JI375A3E,265,280,287,189,294,355,302,271,310,277,301,128,293,262,326,435,2375,2197,439,5011
s8-2025-beijing,hyrox-men,156,佩石 于,CN,1:23:43,LR3MS4JI37590E,259,298,271,162,336,337,287,294,318,291,293,133,272,283,345,361,2377,2159,487,5023
s8-2025-beijing,hyrox-men,157,Ibrahim Jabri,LB,1:23:46,LR3MS4JI36E9FD,247,247,260,235,282,307,294,420,286,277,277,132,286,354,297,394,2226,2366,434,5026
s8-2025-beijing,hyrox-men,158,博 梁,CN,1:23:50,LR3MS4JI375BC2,252,275,260,194,271,390,270,307,271,305,268,102,281,336,322,463,2190,2372,468,5030
s8-2025-beijing,hyrox-men,159,海龙 阴,CN,1:23:53,LR3MS4JI375CB4,246,290,255,245,261,374,258,245,267,305,272,153,268,319,289,462,2113,2393,527,5033
s8-2025-beijing,hyrox-men,160,Javier Cavilla Domenech,ES,1:23:54,LR3MS4JI375C15,276,254,280,172,304,306,302,274,326,273,303,129,295,268,326,542,2408,2218,408,5034
s8-2025-beijing,hyrox-men,161,冬森 许,CN,1:24:04,LR3MS4JI375996,261,298,266,142,276,326,282,310,298,291,284,139,287,372,333,469,2283,2347,414,5044
s8-2025-beijing,hyrox-men,162,子豪 万,CN,1:24:06,LR3MS4JI3759ED,259,284,292,174,316,342,323,262,316,282,310,120,320,220,354,271,2487,1955,604,5046
s8-2025-beijing,hyrox-men,163,雁天 葉,HK,1:24:06,LR3MS4JI375D9F,271,277,278,264,290,284,282,329,284,288,292,124,305,305,328,373,2327,2244,475,5046
s8-2025-beijing,hyrox-men,164,Alan Yee Tuen Lee,HK,1:24:07,LR3MS4JI36EA36,261,268,266,282,278,350,282,307,290,320,292,135,293,304,329,418,2288,2384,375,5047
s8-2025-beijing,hyrox-men,165,Jaehong Kim,KR,1:24:17,LR3MS4JI36E786,264,280,276,193,305,335,324,208,297,288,308,153,308,274,384,430,2463,2161,433,5057
s8-2025-beijing,hyrox-men,166,Christopher Yu,US,1:24:18,LR3MS4JI375A2C,269,266,277,179,289,261,293,237,324,270,318,120,331,385,388,387,2485,2105,468,5058
s8-2025-beijing,hyrox-men,167,冬 韩,CN,1:24:20,LR3MS4JI375786,288,282,322,154,338,279,332,345,338,293,310,125,290,270,347,250,2561,1998,501,5060
s8-2025-beijing,hyrox-men,168,博 吴,CN,1:24:36,LR3MS4JI375D34,251,293,277,242,283,333,278,309,279,293,297,128,284,287,366,398,2311,2283,482,5076
s8-2025-beijing,hyrox-men,169,Jason Chuei,GB,1:24:37,LR3MS4JI373FDB,275,279,275,215,291,285,297,336,296,289,297,101,300,327,332,511,2360,2343,374,5077
s8-2025-beijing,hyrox-men,170,Glyn Hughes,GB,1:24:39,LR3MS4JI36E934,247,257,250,169,274,247,273,339,424,276,294,123,299,333,342,539,2400,2283,396,5079
s8-2025-beijing,hyrox-men,171,铖 张,CN,1:24:45,LR3MS4JI375B60,250,275,243,319,261,390,264,323,276,283,269,128,272,350,304,518,2135,2586,364,5085
s8-2025-beijing,hyrox-men,172,Amado Trejo Romero,MX,1:24:47,LR3MS4JI375705,265,289,248,250,249,420,246,347,253,292,254,169,253,435,299,392,2064,2594,429,5087
s8-2025-beijing,hyrox-men,173,John Lam,HK,1:24:47,LR3MS4JI36EB5C,277,276,271,168,270,327,274,314,274,288,269,128,280,376,351,461,2263,2338,486,5087
s8-2025-beijing,hyrox-men,174,天来 唐,CN,1:24:49,LR3MS4JI375698,274,274,285,175,296,366,285,272,290,267,296,119,303,300,348,382,2374,2155,560,5089
s8-2025-beijing,hyrox-men,175,Artem (HYROX) Melnikov,XX,1:25:15,LR3MS4JI375D86,303,260,291,142,304,250,302,302,325,274,322,115,331,493,356,346,2531,2182,402,5115
s8-2025-beijing,hyrox-men,176,翔云 谭,CN,1:25:17,LR3MS4JI375AAF,250,280,264,199,281,343,272,251,577,285,285,113,280,274,340,426,2546,2171,400,5117
s8-2025-beijing,hyrox-men,177,Marco Li,CA,1:25:18,LR3MS4JI36E86D,281,287,293,187,305,264,306,287,314,302,309,145,302,304,337,439,2443,2215,460,5118
s8-2025-beijing,hyrox-men,178,Eugene Jim Ray Tan,MY,1:25:21,LR3MS4JI36E800,254,281,274,228,300,368,299,217,304,313,300,150,426,289,348,394,2502,2240,379,5121
s8-2025-beijing,hyrox-men,179,纪云 林,CN,1:25:31,LR3MS4JI375926,255,279,272,211,306,344,305,314,317,309,292,132,290,332,376,319,2410,2240,481,5131
s8-2025-beijing,hyrox-men,180,Tonny Ye,NL,1:25:31,LR3MS4JI3756C8,247,275,274,235,293,363,303,250,324,302,316,139,335,323,357,373,2446,2260,425,5131
s8-2025-beijing,hyrox-men,181,Fabien Melero,FR,1:25:34,LR3MS4JI36E8C2,255,284,256,209,282,314,278,364,287,292,277,95,286,354,320,551,2237,2463,434,5134
s8-2025-beijing,hyrox-men,182,新尧 黄,CN,1:25:35,LR3MS4JI375A48,266,278,275,209,325,345,302,268,317,267,309,110,322,293,343,443,2456,2213,466,5135
s8-2025-beijing,hyrox-men,183,臻 杨,CN,1:25:46,LR3MS4JI375937,259,286,297,209,309,294,296,254,328,294,333,141,332,248,409,328,2559,2054,533,5146
s8-2025-beijing,hyrox-men,184,Kameron Smith,US,1:25:49,LR3MS4JI36EA42,235,290,268,253,280,334,276,299,289,280,256,121,272,368,286,661,2157,2606,386,5149
s8-2025-beijing,hyrox-men,185,Ed Huntsman,GB,1:25:58,LR3MS4JI36EA43,259,258,266,192,287,298,288,485,298,281,289,97,296,308,322,520,2300,2439,419,5158
s8-2025-beijing,hyrox-men,186,Chase Williams,US,1:26:00,LR3MS4JI375B3D,239,246,259,185,291,365,282,461,297,284,292,118,284,376,351,402,2291,2437,432,5160
s8-2025-beijing,hyrox-men,187,耿 张,CN,1:26:02,LR3MS4JI3756B0,282,286,297,265,299,320,306,238,333,278,307,151,308,329,348,417,2476,2284,402,5162
s8-2025-beijing,hyrox-men,188,Tafadzwa Kadere,GB,1:26:05,LR3MS4JI375BBB,255,268,378,290,274,328,286,319,285,282,280,102,305,234,338,542,2398,2365,402,5165
s8-2025-beijing,hyrox-men,189,镭 樊,CN,1:26:09,LR3MS4JI3756BB,274,279,292,180,315,247,312,338,320,287,314,118,318,285,365,354,2507,2088,574,5169
s8-2025-beijing,hyrox-men,190,祥琥 张,CN,1:26:10,LR3MS4JI375A3F,239,300,215,592,223,450,223,315,211,310,215,203,225,320,257,483,1805,2973,392,5170
s8-2025-beijing,hyrox-men,191,臻麟 任,CN,1:26:11,LR3MS4JI37581E,288,280,284,187,298,364,305,308,314,284,317,152,321,240,345,410,2469,2225,477,5171
s8-2025-beijing,hyrox-men,192,Javier Molina,ES,1:26:14,LR3MS4JI375818,271,262,309,206,320,291,324,319,332,268,321,106,315,327,373,396,2562,2175,437,5174
s8-2025-beijing,hyrox-men,193,饶 颜,CN,1:26:22,LR3MS4JI375DB9,265,296,273,248,293,423,281,270,281,292,289,166,279,384,290,418,2249,2497,436,5182
s8-2025-beijing,hyrox-men,194,Pick Tong Goh,SG,1:26:22,LR3MS4JI375CE1,255,279,281,166,310,325,311,319,331,289,317,122,317,315,362,496,2481,2311,390,5182
s8-2025-beijing,hyrox-men,195,艺丁 王,CN,1:26:35,LR3MS4JI375A87,280,272,289,264,285,267,280,369,292,270,277,121,281,390,330,422,2311,2375,509,5195
s8-2025-beijing,hyrox-men,196,Chin Hou Lai,SG,1:26:36,LR3MS4JI36E89B,249,260,298,235,327,372,312,266,313,299,306,148,313,336,312,353,2427,2269,500,5196
s8-2025-beijing,hyrox-men,197,Patrick Cullen,IE,1:26:46,LR3MS4JI36E912,268,280,291,213,322,274,310,400,327,282,313,118,308,374,354,379,2489,2320,397,5206
s8-2025-beijing,hyrox-men,198,湛皓 金,CN,1:26:46,LR3MS4JI375951,248,293,271,210,302,332,307,294,406,291,293,126,350,277,342,372,2515,2195,496,5206
s8-2025-beijing,hyrox-men,199,Anthony Slater,GB,1:26:49,LR3MS4JI36E855,244,260,264,263,287,388,287,304,286,284,296,142,275,408,303,535,2238,2584,387,5209
s8-2025-beijing,hyrox-women,1,Minji Yu,KR,1:10:43,LR3MS4JI36E8C7,270,282,268,131,271,253,269,248,268,288,265,104,266,218,277,240,2150,1764,329,4243
s8-2025-beijing,hyrox-women,2,Jieun Yoo,KR,1:11:58,LR3MS4JI36E7D0,245,301,248,150,262,292,254,291,258,313,261,110,251,230,281,239,2057,1926,335,4318
s8-2025-beijing,hyrox-women,3,Aine Deasy,IE,1:12:19,LR3MS4JI36EC59,253,280,255,147,272,223,265,297,272,306,265,116,265,257,286,245,2129,1871,339,4339
s8-2025-beijing,hyrox-women,4,江容 袁,CN,1:12:43,LR3MS4JI375AB5,223,324,237,168,273,282,247,294,260,303,259,108,248,225,283,307,2027,2011,325,4363
s8-2025-beijing,hyrox-women,5,Jessica Williams,CA,1:12:58,LR3MS4JI36EB12,260,290,272,159,277,235,278,254,281,280,282,100,279,214,293,296,2218,1828,332,4378
s8-2025-beijing,hyrox-women,6,宬 陈,CN,1:13:12,LR3MS4JI3759AC,229,309,234,127,253,438,258,235,253,302,257,143,260,194,271,308,2011,2056,325,4392
s8-2025-beijing,hyrox-women,7,安琪 黄,CN,1:13:39,LR3MS4JI375B03,254,308,264,153,273,282,282,182,278,321,271,133,265,214,282,260,2165,1853,401,4419
s8-2025-beijing,hyrox-women,8,健 周,CN,1:13:39,LR3MS4JI375888,257,313,267,160,260,308,258,228,262,307,258,106,265,208,288,335,2111,1965,343,4419
s8-2025-beijing,hyrox-women,9,丽 张,CN,1:14:38,LR3MS4JI375D54,260,300,263,161,274,315,278,190,265,310,261,135,279,243,292,299,2168,1953,357,4478
s8-2025-beijing,hyrox-women,10,Michelle Ng,SG,1:14:49,LR3MS4JI36EA39,252,286,281,159,304,281,296,232,301,301,288,116,277,238,310,231,2306,1844,339,4489
s8-2025-beijing,hyrox-women,11,婧 宋,CN,1:15:04,LR3MS4JI375A67,272,302,277,129,289,281,271,271,290,311,287,106,282,215,322,226,2287,1841,376,4504
s8-2025-beijing,hyrox-women,12,Lillian Dramsdahl,NO,1:15:29,LR3MS4JI36EBF8,271,279,271,152,280,249,282,276,292,285,293,105,293,238,314,279,2294,1863,372,4529
s8-2025-beijing,hyrox-women,13,Pui Sin Cheng,HK,1:15:30,LR3MS4JI375C21,258,292,273,177,283,309,278,222,288,305,270,125,273,259,289,297,2208,1986,336,4530
s8-2025-beijing,hyrox-women,14,隽阳 唐,CN,1:16:15,LR3MS4JI3756BC,280,315,277,165,287,343,291,201,284,314,283,138,287,230,312,218,2297,1924,354,4575
s8-2025-beijing,hyrox-women,15,Silvia Capraro,IT,1:16:38,LR3MS4JI375779,253,295,277,140,292,306,283,270,287,315,279,115,279,257,301,326,2247,2024,327,4598
s8-2025-beijing,hyrox-women,16,鑫 马,CN,1:17:10,LR3MS4JI375A2F,262,294,271,141,282,340,285,281,290,304,280,136,285,223,312,296,2264,2015,351,4630
s8-2025-beijing,hyrox-women,17,嘉桢 周,CN,1:17:11,LR3MS4JI37584C,236,317,257,231,260,296,263,221,264,329,259,139,273,244,296,419,2105,2196,330,4631
s8-2025-beijing,hyrox-women,18,曼 林,CN,1:18:25,LR3MS4JI37571D,252,305,272,159,290,328,287,232,302,309,293,120,292,230,320,314,2304,1997,404,4705
s8-2025-beijing,hyrox-women,19,越 王,CN,1:18:35,LR3MS4JI375A26,241,298,256,186,275,375,276,269,284,318,284,121,283,248,307,336,2202,2151,362,4715
s8-2025-beijing,hyrox-women,20,阳阳 袁,CN,1:19:10,LR3MS4JI375B42,303,299,292,172,304,335,294,235,298,305,297,108,286,228,311,297,2381,1979,390,4750
s8-2025-beijing,hyrox-women,21,娃 孟,CN,1:19:24,LR3MS4JI37576D,238,279,275,146,300,262,297,239,596,281,308,101,313,236,331,219,2655,1763,346,4764
s8-2025-beijing,hyrox-women,22,鑫 蓝,CN,1:19:25,LR3MS4JI375C0E,269,298,290,144,328,278,308,270,342,298,329,115,319,180,348,269,2531,1852,382,4765
s8-2025-beijing,hyrox-women,23,Kwok Yu Yan,HK,1:19:26,LR3MS4JI373FA6,236,297,255,230,268,373,261,215,269,317,261,135,253,266,265,496,2065,2329,372,4766
s8-2025-beijing,hyrox-women,24,Ho Ching Chan,HK,1:19:56,LR3MS4JI373F59,268,282,275,113,286,269,293,301,289,522,300,226,286,198,309,244,2303,2155,338,4796
s8-2025-beijing,hyrox-women,25,瑾 张,CN,1:19:57,LR3MS4JI3756B2,291,318,278,142,289,339,291,265,305,309,295,112,295,249,319,328,2360,2062,375,4797
s8-2025-beijing,hyrox-women,26,雯 王,CN,1:19:59,LR3MS4JI375CFB,289,315,273,184,281,387,284,255,282,307,287,134,282,246,317,273,2292,2101,406,4799
s8-2025-beijing,hyrox-women,27,在阳 石,CN,1:20:02,LR3MS4JI375C3F,259,312,264,133,282,502,282,295,291,320,286,120,283,195,318,296,2260,2173,369,4802
s8-2025-beijing,hyrox-women,28,Joanna Egan,AU,1:20:09,LR3MS4JI36EC8F,232,299,249,155,268,403,270,377,278,298,273,112,270,267,291,411,2127,2322,360,4809
s8-2025-beijing,hyrox-women,29,Kyungeun Lee,KR,1:20:13,LR3MS4JI36EB8D,259,282,280,159,298,322,291,342,311,308,305,108,301,341,332,221,2375,2083,355,4813
s8-2025-beijing,hyrox-women,30,Chernova (HYROX) Alexandra,XX,1:20:33,LR3MS4JI375B22,279,287,298,168,297,285,295,291,313,283,310,113,292,214,333,386,2415,2027,391,4833
s8-2025-beijing,hyrox-women,31,倩 张,CN,1:20:42,LR3MS4JI3759EC,276,312,270,164,304,322,292,218,299,308,305,104,303,279,336,357,2383,2064,395,4842
s8-2025-beijing,hyrox-women,32,珂 郭,CN,1:20:46,LR3MS4JI375A76,255,312,280,198,286,372,277,301,278,323,278,138,259,257,315,308,2223,2209,414,4846
s8-2025-beijing,hyrox-women,33,Stephanie Pursad,HK,1:21:08,LR3MS4JI37592C,269,306,279,195,299,296,297,301,304,313,302,121,304,290,322,289,2372,2111,385,4868
s8-2025-beijing,hyrox-women,34,乐陶 王,CN,1:21:20,LR3MS4JI375C1F,276,313,278,149,296,308,307,303,290,312,299,119,288,270,341,306,2371,2080,429,4880
s8-2025-beijing,hyrox-women,35,Mavis Chau,HK,1:21:24,LR3MS4JI36EB4C,278,313,284,139,296,285,295,311,297,310,294,126,305,290,325,336,2370,2110,404,4884
s8-2025-beijing,hyrox-women,36,钰婷 王,CN,1:21:33,LR3MS4JI3756ED,257,315,289,140,300,202,300,321,300,314,300,113,294,295,335,412,2372,2112,409,4893
s8-2025-beijing,hyrox-women,37,Zoey Zuo,CN,1:21:36,LR3MS4JI36EBC2,283,307,286,152,298,274,304,268,323,301,331,116,325,254,348,331,2495,2003,398,4896
s8-2025-beijing,hyrox-women,38,Jittapa Tupjan,TH,1:21:56,LR3MS4JI36EB43,254,274,278,138,314,254,584,277,298,277,307,99,299,253,326,295,2656,1867,393,4916
s8-2025-beijing,hyrox-women,39,佳迎 张,CN,1:21:56,LR3MS4JI375BCB,270,305,280,206,283,333,275,342,278,311,286,164,274,261,326,289,2269,2211,436,4916
s8-2025-beijing,hyrox-women,40,雪 李,CN,1:21:59,LR3MS4JI375B67,272,331,272,168,295,382,286,222,300,309,304,115,297,236,329,386,2352,2149,418,4919
s8-2025-beijing,hyrox-women,41,Li Chiong Voon,MY,1:21:59,LR3MS4JI375BDF,258,324,273,205,283,373,296,256,297,338,284,150,282,283,299,363,2269,2292,358,4919
s8-2025-beijing,hyrox-women,42,Qaqamba Ngcebetsha,ZA,1:21:59,LR3MS4JI375872,258,322,288,216,290,288,303,336,298,330,290,128,300,278,324,308,2348,2206,365,4919
s8-2025-beijing,hyrox-women,43,Denise Maxwell,IE,1:22:01,LR3MS4JI36E917,255,278,282,184,280,276,286,380,291,312,290,143,303,282,322,368,2307,2223,391,4921
s8-2025-beijing,hyrox-women,44,欣欣 李,CN,1:22:04,LR3MS4JI37587B,304,315,301,159,312,321,303,258,305,305,313,131,307,206,331,326,2472,2021,431,4924
s8-2025-beijing,hyrox-women,45,Natalia Peyón,PE,1:22:12,LR3MS4JI373EFC,260,307,282,171,302,323,295,289,307,314,292,112,298,278,315,326,2347,2120,465,4932
s8-2025-beijing,hyrox-women,46,宇航 公,HK,1:22:18,LR3MS4JI375E89,254,308,264,176,282,321,274,312,290,337,281,162,280,314,309,377,2230,2307,401,4938
s8-2025-beijing,hyrox-women,47,倩文 殷,CN,1:22:19,LR3MS4JI3759DD,265,307,274,159,275,363,287,334,297,329,294,149,280,256,324,291,2292,2188,459,4939
s8-2025-beijing,hyrox-women,48,성이 정,KR,1:22:27,LR3MS4JI373ED3,301,310,289,150,290,289,293,262,303,315,300,121,308,293,339,370,2420,2110,417,4947
s8-2025-beijing,hyrox-women,49,梓桐 罗,CN,1:22:44,LR3MS4JI375C00,287,281,292,156,294,334,317,301,296,313,306,232,300,229,329,284,2416,2130,418,4964
s8-2025-beijing,hyrox-women,50,Megan Wills,GB,1:23:26,LR3MS4JI3758F5,292,280,297,127,313,319,332,276,345,307,329,129,319,238,360,320,2582,1996,428,5006
s8-2025-beijing,hyrox-women,51,泽萱 李,CN,1:23:44,LR3MS4JI375DCF,296,319,304,155,310,343,323,259,322,300,317,119,318,253,340,376,2527,2124,373,5024
s8-2025-beijing,hyrox-women,52,琪 利,CN,1:23:49,LR3MS4JI37588C,291,306,279,180,291,374,290,331,295,307,291,129,309,261,330,306,2371,2194,464,5029
s8-2025-beijing,hyrox-women,53,Sasha Dalmonego,GB,1:24:11,LR3MS4JI36E84E,277,291,298,147,312,280,315,358,325,311,316,141,321,302,342,301,2502,2131,418,5051
s8-2025-beijing,hyrox-women,54,梦怡 鲍,CN,1:24:33,LR3MS4JI375B1F,289,293,303,159,319,306,318,372,327,327,317,124,314,290,349,257,2531,2128,414,5073
s8-2025-beijing,hyrox-women,55,蓓莉 顾,CN,1:24:43,LR3MS4JI375983,284,310,292,172,298,380,285,318,303,316,307,146,307,190,343,264,2414,2096,573,5083
s8-2025-beijing,hyrox-women,56,婷婷 左,CN,1:24:53,LR3MS4JI375D1C,274,311,282,210,300,430,301,340,298,331,292,140,303,271,320,314,2365,2347,381,5093
s8-2025-beijing,hyrox-women,57,雨薇 杜,CN,1:25:01,LR3MS4JI375AFC,285,309,283,194,296,366,301,337,314,337,311,143,304,247,316,348,2406,2281,414,5101
s8-2025-beijing,hyrox-women,58,Xin Yi Wong,SG,1:25:25,LR3MS4JI373FBB,236,293,280,207,300,462,286,334,281,327,292,140,283,271,292,490,2247,2524,354,5125
s8-2025-beijing,hyrox-women,59,雨瞳 李,CN,1:25:45,LR3MS4JI3758B6,265,334,271,193,274,592,268,255,283,350,283,145,290,260,313,342,2245,2471,429,5145
s8-2025-beijing,hyrox-women,60,Tasham Ramsey,HK,1:25:54,LR3MS4JI36E96A,298,326,297,215,303,299,306,284,322,336,308,137,314,256,323,412,2468,2265,421,5154
s8-2025-beijing,hyrox-women,61,Stephanie Huai Zi Pound,HK,1:25:58,LR3MS4JI375833,296,322,305,179,319,293,328,342,331,320,333,155,322,264,338,308,2567,2183,408,5158
s8-2025-beijing,hyrox-women,62,珊 徐,CN,1:26:07,LR3MS4JI375D18,259,347,264,192,271,409,266,398,277,337,276,130,304,255,363,413,2276,2481,410,5167
s8-2025-beijing,hyrox-women,63,芃 顾,CN,1:26:10,LR3MS4JI375B58,268,308,295,158,318,372,316,269,324,305,316,123,314,272,367,429,2516,2236,418,5170
s8-2025-beijing,hyrox-women,64,敏 周,CN,1:26:37,LR3MS4JI375884,306,302,308,154,312,329,321,318,319,313,324,134,320,229,355,444,2560,2223,414,5197
s8-2025-beijing,hyrox-women,65,澈 黄,CN,1:26:40,LR3MS4JI375AB0,274,307,312,120,315,381,329,351,349,304,331,114,330,296,351,249,2588,2122,490,5200
s8-2025-beijing,hyrox-women,66,Yuk Yin Cheng,HK,1:27:10,LR3MS4JI375AFD,293,307,327,135,350,351,350,326,349,311,340,145,339,223,387,261,2733,2059,438,5230
s8-2025-beijing,hyrox-women,67,锦寰 陈,CN,1:27:17,LR3MS4JI375706,299,343,302,167,318,329,332,295,330,325,338,135,339,204,387,334,2641,2132,464,5237
s8-2025-beijing,hyrox-women,68,晓远 高,CN,1:27:23,LR3MS4JI3756A8,250,305,305,137,323,340,330,361,340,307,345,125,330,249,343,365,2563,2189,491,5243
s8-2025-beijing,hyrox-women,69,俊 吴,CN,1:27:24,LR3MS4JI375C66,287,332,292,200,311,367,318,314,318,327,319,130,318,291,361,334,2521,2295,428,5244
s8-2025-beijing,hyrox-women,70,Ellie Olcott,GB,1:27:26,LR3MS4JI36EB1B,301,309,307,160,328,355,311,390,315,296,316,116,311,270,355,403,2540,2299,407,5246
s8-2025-beijing,hyrox-women,71,Chung Ting Chow,HK,1:27:37,LR3MS4JI373F35,305,305,313,165,329,346,326,293,325,303,337,113,354,367,373,309,2658,2201,398,5257
s8-2025-beijing,hyrox-women,72,Vivian Luk,HK,1:27:39,LR3MS4JI36E8C5,260,354,260,276,268,553,272,252,278,358,268,180,271,256,310,491,2184,2720,355,5259
s8-2025-beijing,hyrox-women,73,昀 徐,CN,1:27:39,LR3MS4JI37593B,257,334,285,162,313,454,314,248,311,335,325,139,314,327,379,288,2494,2287,478,5259
s8-2025-beijing,hyrox-women,74,瑞婉 马,CN,1:28:06,LR3MS4JI37572C,290,292,304,195,294,350,294,282,316,306,320,115,333,245,373,411,2523,2196,567,5286
s8-2025-beijing,hyrox-women,75,平 王,CN,1:28:12,LR3MS4JI3757C2,289,327,288,179,324,454,309,348,310,329,304,134,313,272,340,338,2475,2381,436,5292
s8-2025-beijing,hyrox-women,76,君 段,CN,1:28:28,LR3MS4JI375914,295,332,305,155,308,424,310,336,312,324,308,150,303,263,330,425,2467,2409,432,5308
s8-2025-beijing,hyrox-women,77,佳羽 翟,CN,1:28:29,LR3MS4JI375C1E,286,316,308,166,318,355,312,266,321,312,303,126,451,311,339,273,2635,2125,549,5309
s8-2025-beijing,hyrox-women,78,爽 王,CN,1:28:29,LR3MS4JI375AE0,300,341,319,199,323,326,328,368,321,313,332,144,317,244,349,343,2585,2278,446,5309
s8-2025-beijing,hyrox-women,79,澎 张,CN,1:28:30,LR3MS4JI375813,299,336,307,165,308,318,304,383,322,321,315,145,304,279,333,442,2489,2389,432,5310
s8-2025-beijing,hyrox-women,80,Sarah Lucianek,US,1:28:44,LR3MS4JI375D37,292,307,293,153,290,385,292,473,320,329,305,127,299,316,350,342,2437,2432,455,5324
s8-2025-beijing,hyrox-women,81,Ratchamon Visutjindaporn,TH,1:29:08,LR3MS4JI36EC4F,311,292,320,171,333,291,339,281,341,300,332,144,342,340,367,343,2682,2162,504,5348
s8-2025-beijing,hyrox-women,82,Anel Tromp,ZA,1:29:11,LR3MS4JI375C1D,267,297,276,182,287,361,293,368,307,311,318,105,329,310,336,344,2410,2278,663,5351
s8-2025-beijing,hyrox-women,83,洁 郜,CN,1:29:15,LR3MS4JI375BE1,286,309,311,209,311,331,316,325,323,328,315,162,310,299,359,452,2526,2415,414,5355
s8-2025-beijing,hyrox-women,84,琳 张,CN,1:29:15,LR3MS4JI375A54,300,313,313,192,315,360,307,294,319,328,320,156,324,277,354,372,2548,2292,515,5355
s8-2025-beijing,hyrox-women,85,Cheryl Gourley,GB,1:29:20,LR3MS4JI373FFA,296,282,308,209,318,307,325,364,325,303,336,152,334,305,343,465,2582,2387,391,5360
s8-2025-beijing,hyrox-women,86,子婷 张,CN,1:29:32,LR3MS4JI3758CD,279,296,298,165,319,425,299,311,303,313,310,160,316,255,410,364,2531,2289,552,5372
s8-2025-beijing,hyrox-women,87,慧敏 施,CN,1:29:34,LR3MS4JI375CBA,286,337,281,247,295,523,314,328,296,318,306,131,299,265,342,349,2415,2498,461,5374
s8-2025-beijing,hyrox-women,88,Alyssa Wang,SG,1:29:43,LR3MS4JI373FD6,313,308,301,200,329,416,327,270,340,349,328,138,335,267,358,338,2628,2286,469,5383
s8-2025-beijing,hyrox-women,89,睿力 吉,CN,1:29:48,LR3MS4JI375DD0,276,329,285,171,316,401,322,380,327,307,329,167,303,230,353,454,2508,2439,441,5388
s8-2025-beijing,hyrox-women,90,菊 白,CN,1:29:54,LR3MS4JI375DC8,266,320,286,211,306,480,299,312,309,325,302,118,303,277,354,390,2422,2433,539,5394
s8-2025-beijing,hyrox-women,91,姗姗 景,CN,1:29:58,LR3MS4JI3757B8,275,309,294,295,294,530,292,309,300,344,297,147,317,241,348,369,2413,2544,441,5398
s8-2025-beijing,hyrox-women,92,潇潇 李,CN,1:30:22,LR3MS4JI3756AF,304,332,309,191,323,397,314,336,318,353,311,163,308,272,358,338,2541,2382,499,5422
s8-2025-beijing,hyrox-women,93,依博 王,CN,1:30:31,LR3MS4JI375CE3,294,310,299,157,326,349,354,309,361,320,346,139,342,255,395,374,2713,2213,505,5431
s8-2025-beijing,hyrox-women,94,俊㛃 颜,CN,1:30:45,LR3MS4JI375875,285,330,301,217,317,384,359,341,327,328,328,127,326,323,367,351,2606,2401,438,5445
s8-2025-beijing,hyrox-women,95,雨晴 薛,CN,1:30:45,LR3MS4JI375A98,268,330,275,182,309,362,307,359,318,327,303,165,325,340,368,332,2470,2397,578,5445
s8-2025-beijing,hyrox-women,96,靖 李,CN,1:30:57,LR3MS4JI36EA19,321,324,327,169,329,410,332,276,331,335,333,129,344,260,360,439,2674,2342,441,5457
s8-2025-beijing,hyrox-women,97,Sunny Wang,CN,1:31:03,LR3MS4JI36E84B,301,311,321,184,346,381,403,327,343,326,334,123,338,259,372,324,2754,2235,474,5463
s8-2025-beijing,hyrox-women,98,燕楠 冀,CN,1:31:14,LR3MS4JI375ADF,307,329,291,201,317,404,316,349,321,333,322,180,314,256,341,437,2524,2489,461,5474
s8-2025-beijing,hyrox-pro-men,1,Rylan Schadegg,US,56:50,LR3MS4JI373F7F,195,226,192,155,199,218,205,143,214,240,201,96,206,183,231,269,1639,1530,241,3410
s8-2025-beijing,hyrox-pro-men,2,Gabe Heck,US,59:46,LR3MS4JI36E8B5,194,227,199,161,208,234,213,186,207,242,212,97,214,214,239,281,1682,1642,262,3586
s8-2025-beijing,hyrox-pro-men,3,Pierre Algret,FR,1:00:16,LR3MS4JI36E862,202,234,208,156,227,216,224,180,232,248,229,100,221,195,238,230,1777,1559,280,3616
s8-2025-beijing,hyrox-pro-men,4,Rik Beugel,NL,1:02:53,LR3MS4JI36EBAC,207,259,200,212,208,272,213,181,206,259,207,128,215,231,235,272,1688,1814,271,3773
s8-2025-beijing,hyrox-pro-men,5,Geonho Jin,KR,1:04:19,LR3MS4JI373EB8,207,249,209,212,220,284,217,160,221,267,223,135,216,198,245,323,1755,1828,276,3859
s8-2025-beijing,hyrox-pro-men,6,Alex Smith,US,1:05:26,LR3MS4JI375B30,215,243,216,210,232,253,245,144,266,271,253,95,249,202,269,251,1942,1669,315,3926
s8-2025-beijing,hyrox-pro-men,7,忍 王,CN,1:06:02,LR3MS4JI375741,211,233,215,162,238,322,239,218,229,248,235,120,247,222,258,282,1869,1807,286,3962
s8-2025-beijing,hyrox-pro-men,8,Lucas Da Rosa,BR,1:06:39,LR3MS4JI36E8C1,227,234,239,197,242,250,242,169,260,238,250,101,250,225,285,282,1992,1696,311,3999
s8-2025-beijing,hyrox-pro-men,9,Joseph Sun,US,1:06:42,LR3MS4JI375CFA,208,249,213,242,225,286,230,189,239,265,229,101,237,243,254,322,1832,1897,273,4002
s8-2025-beijing,hyrox-pro-men,10,Davit Khublaryan,GB,1:06:59,LR3MS4JI373F51,225,256,226,230,234,326,231,161,241,262,234,110,247,240,267,226,1902,1811,306,4019
s8-2025-beijing,hyrox-pro-men,11,Wai Ka Ng,HK,1:07:23,LR3MS4JI36EBFA,212,257,215,208,221,251,225,194,227,260,228,89,233,259,240,437,1797,1955,291,4043
s8-2025-beijing,hyrox-pro-men,12,Bong Bong,KR,1:07:39,LR3MS4JI36E95A,207,230,228,166,248,262,253,187,256,254,252,103,270,253,293,270,2005,1725,329,4059
s8-2025-beijing,hyrox-pro-men,13,Mark Gough,IE,1:07:43,LR3MS4JI373F53,231,255,236,171,260,231,258,179,265,255,264,100,270,195,298,277,2079,1663,321,4063
s8-2025-beijing,hyrox-pro-men,14,Jeonghun Choe,KR,1:07:54,LR3MS4JI36E7E1,222,253,224,228,231,237,235,195,235,264,238,105,249,222,285,351,1915,1855,304,4074
s8-2025-beijing,hyrox-pro-men,15,Ting Chun Wong,HK,1:08:39,LR3MS4JI375772,231,252,242,224,248,265,253,164,255,262,254,117,259,222,272,264,2012,1770,337,4119
s8-2025-beijing,hyrox-pro-men,16,Sihao Kuo,NL,1:08:41,LR3MS4JI3758A1,220,246,226,210,239,275,253,165,256,267,249,104,254,246,285,321,1978,1834,309,4121
s8-2025-beijing,hyrox-pro-men,17,Han Lin,HK,1:08:41,LR3MS4JI375BFC,199,249,213,204,243,324,237,172,243,263,245,129,239,247,257,358,1871,1946,304,4121
s8-2025-beijing,hyrox-pro-men,18,Pavel (HYROX) Poliakov,XX,1:08:59,LR3MS4JI36EB86,234,243,246,205,243,269,250,196,250,252,245,108,248,260,290,291,2003,1824,312,4139
s8-2025-beijing,hyrox-pro-men,19,Donall Keane,IE,1:09:06,LR3MS4JI36E79F,230,248,233,200,247,266,241,196,232,256,226,130,233,232,272,403,1911,1931,304,4146
s8-2025-beijing,hyrox-pro-men,20,Carl Anthony Marks,ZA,1:09:16,LR3MS4JI36E853,230,231,238,145,272,320,258,205,264,256,255,104,249,226,284,265,2046,1752,358,4156
s8-2025-beijing,hyrox-pro-men,21,Julien Prieur,FR,1:09:20,LR3MS4JI36EBA5,217,257,212,302,215,320,215,197,224,270,214,104,219,259,255,370,1768,2079,313,4160
s8-2025-beijing,hyrox-pro-men,22,Daniel Corry,GB,1:09:43,LR3MS4JI37572D,228,237,240,208,257,260,264,192,271,269,256,107,258,259,297,257,2069,1789,325,4183
s8-2025-beijing,hyrox-pro-men,23,Thomas Mayr,DE,1:10:12,LR3MS4JI36E90A,207,247,216,193,254,304,249,209,270,262,255,99,257,228,293,341,1996,1883,333,4212
s8-2025-beijing,hyrox-pro-men,24,志康 盛,CN,1:10:29,LR3MS4JI3758EB,196,254,210,189,246,374,237,230,237,260,231,131,242,247,253,386,1850,2071,308,4229
s8-2025-beijing,hyrox-pro-men,25,Hyeokjoon Yang,KR,1:10:48,LR3MS4JI373FA8,222,255,223,215,239,344,233,186,238,272,240,157,233,249,264,386,1889,2064,295,4248
s8-2025-beijing,hyrox-pro-men,26,Ki Hwan Kong,KR,1:11:20,LR3MS4JI36E902,201,251,221,234,244,309,263,236,247,264,241,129,244,273,252,362,1909,2058,313,4280
s8-2025-beijing,hyrox-pro-men,27,Jinhee Lee,KR,1:11:28,LR3MS4JI36EAA3,225,243,230,180,261,307,258,227,262,256,253,101,254,241,268,412,2008,1967,313,4288
s8-2025-beijing,hyrox-pro-men,28,Michael Smith,GB,1:11:31,LR3MS4JI36EBAF,224,255,236,256,247,332,251,186,233,266,249,109,238,297,269,339,1943,2040,308,4291
s8-2025-beijing,hyrox-pro-men,29,Matthewstone. S Mzandolo,ZA,1:11:38,LR3MS4JI375E54,211,239,261,202,270,266,269,169,274,260,273,107,274,282,295,298,2123,1823,352,4298
s8-2025-beijing,hyrox-pro-men,30,Matisse Manin,FR,1:11:56,LR3MS4JI36EC71,215,245,221,212,252,299,268,211,264,268,271,103,281,264,303,321,2073,1923,320,4316
s8-2025-beijing,hyrox-pro-men,31,Hyun Gon Kim,KR,1:12:13,LR3MS4JI36E7BE,226,252,232,217,243,317,248,251,245,261,251,113,249,306,286,331,1976,2048,309,4333
s8-2025-beijing,hyrox-pro-men,32,Wai Chung Ryan Hui,HK,1:13:07,LR3MS4JI375BE8,221,248,222,232,237,351,244,199,347,261,239,144,249,237,270,377,2026,2049,312,4387
s8-2025-beijing,hyrox-pro-men,33,业进 盘,CN,1:13:10,LR3MS4JI375DB1,213,259,238,224,257,344,257,233,253,272,255,108,254,255,275,314,1998,2009,383,4390
s8-2025-beijing,hyrox-pro-men,34,Jonty Wood,NZ,1:13:14,LR3MS4JI36E781,234,249,238,197,265,306,261,231,271,259,265,109,264,259,298,360,2092,1970,332,4394
s8-2025-beijing,hyrox-pro-men,35,Zac Brooks,GB,1:13:22,LR3MS4JI373F27,232,240,240,240,254,324,262,215,268,262,273,104,266,232,311,334,2101,1951,350,4402
s8-2025-beijing,hyrox-pro-men,36,Ho Kiat Lee,MY,1:14:03,LR3MS4JI36E7FA,230,239,233,256,258,355,256,258,256,263,246,109,252,266,283,293,2011,2039,393,4443
s8-2025-beijing,hyrox-pro-men,37,东昊 马,CN,1:14:28,LR3MS4JI375C7A,216,240,239,247,263,322,252,211,256,257,257,134,261,328,274,342,2013,2081,374,4468
s8-2025-beijing,hyrox-pro-men,38,尚 娄,HK,1:14:34,LR3MS4JI375D7F,232,269,247,209,271,338,275,215,268,277,258,114,271,297,287,302,2105,2021,348,4474
s8-2025-beijing,hyrox-pro-men,39,Byungseok Song,KR,1:14:39,LR3MS4JI375DCA,247,250,251,200,254,295,266,181,267,264,262,155,265,273,289,411,2097,2029,353,4479
s8-2025-beijing,hyrox-pro-men,40,彤 刘,CN,1:14:54,LR3MS4JI375B23,266,244,267,215,271,324,266,167,280,260,277,123,280,220,301,330,2204,1883,407,4494
s8-2025-beijing,hyrox-pro-men,41,云 叶,CN,1:14:59,LR3MS4JI375D65,241,238,244,141,282,333,271,238,286,246,281,102,274,261,331,380,2207,1939,353,4499
s8-2025-beijing,hyrox-pro-men,42,昊 朱,CN,1:15:15,LR3MS4JI375D9C,212,247,538,243,237,333,244,182,244,262,243,108,237,265,270,349,2222,1989,304,4515
s8-2025-beijing,hyrox-pro-men,43,Keejoong Park,KR,1:15:23,LR3MS4JI36E8A0,231,250,242,226,250,345,256,256,272,267,263,133,267,245,306,360,2083,2082,358,4523
s8-2025-beijing,hyrox-pro-men,44,冬 李,CN,1:15:34,LR3MS4JI3758F0,211,257,235,238,249,407,254,200,254,273,256,112,273,290,298,333,2026,2110,398,4534
s8-2025-beijing,hyrox-pro-men,45,Bastien Gerber,CH,1:15:36,LR3MS4JI36EB85,227,239,262,216,287,277,286,243,290,257,278,104,284,354,302,280,2210,1970,356,4536
s8-2025-beijing,hyrox-pro-men,46,Kim Jungwon,KR,1:15:38,LR3MS4JI37580B,248,257,247,195,266,391,270,215,265,268,259,117,266,302,281,351,2098,2096,344,4538
s8-2025-beijing,hyrox-pro-men,47,Thomas Brauch,US,1:15:50,LR3MS4JI36E892,231,257,232,260,243,329,242,280,248,265,255,106,260,324,287,413,1994,2234,322,4550
s8-2025-beijing,hyrox-pro-men,48,Kyle Vis,CA,1:15:51,LR3MS4JI36E976,275,252,284,195,282,250,283,227,287,261,286,110,284,275,319,356,2297,1926,328,4551
s8-2025-beijing,hyrox-pro-men,49,Caymus Choi,HK,1:16:42,LR3MS4JI36EA0D,245,255,265,185,281,319,286,217,275,267,281,137,294,286,304,329,2226,1995,381,4602
s8-2025-beijing,hyrox-pro-men,50,杰 侯,CN,1:17:29,LR3MS4JI375C3D,238,293,238,279,249,426,250,158,254,276,262,138,271,297,289,378,2047,2245,357,4649
s8-2025-beijing,hyrox-pro-men,51,猛 李,CN,1:17:30,LR3MS4JI375723,226,243,242,176,283,375,273,233,258,264,250,109,268,271,306,549,2103,2220,327,4650
s8-2025-beijing,hyrox-pro-men,52,Joshua Brosius,DE,1:17:32,LR3MS4JI3758D2,229,246,263,203,313,360,289,203,301,268,278,104,282,302,277,312,2230,1998,424,4652
s8-2025-beijing,hyrox-pro-men,53,超 廖,CN,1:17:44,LR3MS4JI375A4A,243,267,242,265,260,368,261,208,267,267,266,156,268,311,291,406,2095,2248,321,4664
s8-2025-beijing,hyrox-pro-men,54,遵宪 闫,CN,1:17:51,LR3MS4JI3758D9,229,247,250,237,272,446,282,183,278,276,274,155,283,246,299,279,2164,2069,438,4671
s8-2025-beijing,hyrox-pro-men,55,Hangyul Park,KR,1:18:12,LR3MS4JI36E805,255,257,260,253,274,332,266,191,284,268,272,124,296,255,315,434,2219,2114,359,4692
s8-2025-beijing,hyrox-pro-men,56,森瀚 肖,HK,1:18:42,LR3MS4JI3759C5,260,266,256,238,275,428,273,205,275,283,269,132,269,293,300,377,2175,2222,325,4722
s8-2025-beijing,hyrox-pro-men,57,Luca Lattarini,IT,1:19:16,LR3MS4JI36E80C,246,272,252,252,264,306,264,302,272,274,271,100,270,296,307,422,2144,2224,388,4756
s8-2025-beijing,hyrox-pro-men,58,Joshua Hong,KR,1:20:02,LR3MS4JI36E8BB,245,253,262,265,288,343,290,246,290,277,298,129,303,261,352,314,2324,2088,390,4802
s8-2025-beijing,hyrox-pro-men,59,嘉豪 赵,CN,1:20:04,LR3MS4JI375BC1,282,258,272,219,307,347,304,198,316,271,323,102,348,245,337,277,2485,1917,402,4804
s8-2025-beijing,hyrox-pro-men,60,Giuseppe Vella,IT,1:20:35,LR3MS4JI36EAE7,263,263,261,239,270,296,273,303,282,279,272,113,275,319,298,477,2192,2289,354,4835
s8-2025-beijing,hyrox-pro-men,61,Laren Misao Sakota,US,1:21:06,LR3MS4JI375825,254,243,263,212,300,342,308,209,305,264,307,97,310,343,331,415,2375,2125,366,4866
s8-2025-beijing,hyrox-pro-men,62,Noppawat Auesatjapon,TH,1:21:19,LR3MS4JI36E7AA,250,266,248,267,251,417,259,329,259,281,260,150,266,316,295,343,2085,2369,425,4879
s8-2025-beijing,hyrox-pro-men,63,Calvin Auyeung,HK,1:21:27,LR3MS4JI373F55,229,251,258,230,288,372,294,276,300,268,303,135,298,288,332,364,2298,2184,405,4887
s8-2025-beijing,hyrox-pro-men,64,芝烨 曹,CN,1:21:41,LR3MS4JI3757AC,226,270,246,272,268,400,265,208,276,290,265,135,274,310,296,520,2112,2405,384,4901
s8-2025-beijing,hyrox-pro-men,65,克臣 孙,CN,1:22:01,LR3MS4JI375A33,231,252,239,274,272,431,278,248,277,282,269,156,261,326,280,420,2104,2389,428,4921
s8-2025-beijing,hyrox-pro-men,66,闻捷 丁,CN,1:23:09,LR3MS4JI3758A0,286,270,280,242,290,380,284,286,298,268,292,140,297,318,326,366,2350,2270,369,4989
s8-2025-beijing,hyrox-pro-men,67,Chuan Hock Koh,SG,1:23:51,LR3MS4JI36EB59,243,255,261,274,274,337,280,208,288,284,277,142,279,300,332,602,2232,2402,397,5031
s8-2025-beijing,hyrox-pro-men,68,Dan Entwistle,GB,1:24:27,LR3MS4JI375ACE,260,242,269,216,285,312,294,299,309,259,304,110,318,320,361,515,2398,2273,396,5067
s8-2025-beijing,hyrox-pro-men,69,Yeong Tae Park,KR,1:24:27,LR3MS4JI36E79A,259,266,263,286,258,504,270,306,278,274,256,163,279,336,314,387,2175,2522,370,5067
s8-2025-beijing,hyrox-pro-men,70,叶 张,CN,1:24:34,LR3MS4JI3757A8,247,264,248,278,268,574,261,230,266,299,270,152,273,319,277,423,2107,2539,428,5074
s8-2025-beijing,hyrox-pro-men,71,漪良 柳,CN,1:24:38,LR3MS4JI37583E,250,271,274,220,305,357,329,190,331,267,326,140,341,248,408,347,2559,2040,479,5078
s8-2025-beijing,hyrox-pro-men,72,Marko Stojanovic,RS,1:25:01,LR3MS4JI36EB82,233,262,240,237,279,427,278,211,274,274,270,215,287,458,299,505,2156,2589,356,5101
s8-2025-beijing,hyrox-pro-men,73,智航 姜,CN,1:25:29,LR3MS4JI375E1F,215,242,230,229,247,559,242,274,249,273,234,280,259,294,275,707,1947,2858,324,5129
s8-2025-beijing,hyrox-pro-men,74,源 王,CN,1:25:48,LR3MS4JI375C32,241,261,253,229,277,448,283,248,279,286,278,231,297,387,318,456,2221,2546,381,5148
s8-2025-beijing,hyrox-pro-men,75,潞斌 贾,CN,1:26:00,LR3MS4JI375CBB,261,260,258,292,277,387,276,290,284,269,281,184,288,386,315,439,2235,2507,418,5160
s8-2025-beijing,hyrox-pro-men,76,政翰 林,CN,1:26:20,LR3MS4JI37598E,274,271,284,239,305,399,304,226,309,286,311,134,322,307,365,378,2472,2240,468,5180
s8-2025-beijing,hyrox-pro-men,77,Natal Teofilo Malaki,WS,1:26:38,LR3MS4JI375D6F,262,251,282,221,307,317,311,355,322,276,310,112,317,388,361,420,2469,2340,389,5198
s8-2025-beijing,hyrox-pro-men,78,腾云 龙,CN,1:27:14,LR3MS4JI375C48,266,256,279,268,315,392,330,287,322,274,310,146,311,309,341,372,2469,2304,461,5234
s8-2025-beijing,hyrox-pro-men,79,祚旻 李,CN,1:27:20,LR3MS4JI36EA84,227,254,249,268,269,473,275,212,267,286,325,131,278,445,359,452,2246,2521,473,5240
s8-2025-beijing,hyrox-pro-men,80,Daniel Hasse,DE,1:27:24,LR3MS4JI36EC72,220,247,250,286,306,403,319,278,309,295,318,119,319,296,381,487,2417,2411,416,5244
s8-2025-beijing,hyrox-pro-men,81,东华 蔡,CN,1:27:28,LR3MS4JI3759AB,274,265,272,206,302,466,301,203,305,293,291,155,306,334,299,413,2348,2335,565,5248
s8-2025-beijing,hyrox-pro-men,82,Alexander Brickl,DE,1:27:36,LR3MS4JI373FB2,258,256,260,233,263,363,275,420,288,286,271,111,282,341,321,627,2214,2637,405,5256
s8-2025-beijing,hyrox-pro-men,83,석환 유,KR,1:28:08,LR3MS4JI36EBC1,346,271,263,251,259,557,263,234,281,285,272,141,267,284,323,417,2270,2440,578,5288
s8-2025-beijing,hyrox-pro-men,84,旭阳 白,CN,1:28:08,LR3MS4JI375BB4,255,268,271,310,293,477,294,252,302,291,316,125,321,371,321,351,2370,2445,473,5288
s8-2025-beijing,hyrox-pro-men,85,逍逸 张,CN,1:28:17,LR3MS4JI375963,268,293,269,274,295,484,308,212,296,289,299,169,298,349,392,356,2420,2426,451,5297
s8-2025-beijing,hyrox-pro-men,86,John Lelah Flomoii,LR,1:28:21,LR3MS4JI375C9C,350,256,252,292,305,448,302,255,303,279,284,129,299,290,341,513,2432,2462,407,5301
s8-2025-beijing,hyrox-pro-men,87,Younggeun Lee,KR,1:28:38,LR3MS4JI36EC33,249,260,264,285,270,357,283,268,310,282,300,152,301,605,371,385,2344,2594,380,5318
s8-2025-beijing,hyrox-pro-men,88,畅 刘,CN,1:28:58,LR3MS4JI3759B0,241,257,260,367,285,440,299,271,288,290,301,132,299,300,343,451,2313,2508,517,5338
s8-2025-beijing,hyrox-pro-men,89,Roland Janisiw,AT,1:29:01,LR3MS4JI36E818,224,266,256,303,288,438,288,316,303,283,285,119,307,394,341,535,2289,2654,398,5341
s8-2025-beijing,hyrox-pro-men,90,议祥 王,CN,1:29:32,LR3MS4JI375AFE,263,283,268,218,307,537,303,325,309,261,295,125,312,323,353,441,2406,2513,453,5372
s8-2025-beijing,hyrox-pro-men,91,昆鹏 张,CN,1:29:33,LR3MS4JI3759A9,254,252,284,414,313,407,317,242,318,266,320,116,318,310,367,435,2488,2442,443,5373
s8-2025-beijing,hyrox-pro-men,92,Lee Kah Xiong,MY,1:29:35,LR3MS4JI36EA60,286,273,299,288,304,442,299,280,298,276,304,164,326,361,346,369,2458,2453,464,5375
s8-2025-beijing,hyrox-pro-men,93,越 王,CN,1:29:57,LR3MS4JI3759C9,245,271,266,284,294,539,282,348,287,295,271,129,295,363,314,443,2252,2672,473,5397
s8-2025-beijing,hyrox-pro-men,94,王钦 徐,CN,1:29:58,LR3MS4JI375D50,275,259,287,229,321,375,313,242,320,255,324,163,342,249,419,442,2598,2214,586,5398
s8-2025-beijing,hyrox-pro-men,95,森 袁,CN,1:30:02,LR3MS4JI375975,257,263,268,352,291,493,301,215,298,296,297,184,304,317,354,491,2368,2611,423,5402
s8-2025-beijing,hyrox-pro-men,96,杰 耿,CN,1:30:13,LR3MS4JI375710,256,285,268,296,296,547,295,241,290,303,278,209,288,319,333,474,2301,2674,438,5413
s8-2025-beijing,hyrox-pro-men,97,Jonathan Hopkins,IE,1:30:26,LR3MS4JI36EA7E,246,271,265,306,280,446,279,293,282,293,281,178,282,348,345,577,2256,2712,458,5426
s8-2025-beijing,hyrox-pro-men,98,勇琳 杨,CN,1:30:28,LR3MS4JI375DA2,241,277,247,248,284,580,279,294,283,293,281,144,277,310,341,569,2230,2715,483,5428
s8-2025-beijing,hyrox-pro-men,99,天予 陈,CN,1:30:39,LR3MS4JI375D09,276,279,288,235,311,465,306,258,320,300,340,175,350,320,379,336,2567,2368,504,5439
s8-2025-beijing,hyrox-pro-men,100,小艺 康,CN,1:30:57,LR3MS4JI37579C,294,276,296,356,305,360,322,284,319,288,304,200,314,348,339,426,2491,2538,428,5457
s8-2025-beijing,hyrox-pro-men,101,磊 金,CN,1:31:08,LR3MS4JI375BC0,263,264,297,186,325,412,322,241,488,293,404,120,417,316,371,297,2885,2129,454,5468
s8-2025-beijing,hyrox-pro-men,102,鑫 张,CN,1:32:14,LR3MS4JI375A7C,268,270,271,416,278,473,290,333,281,265,284,209,269,385,325,470,2263,2821,450,5534
s8-2025-beijing,hyrox-pro-men,103,红阳 田,CN,1:32:16,LR3MS4JI375A7A,333,260,296,302,297,480,290,188,293,281,299,179,358,399,402,368,2564,2457,515,5536
s8-2025-beijing,hyrox-pro-men,104,Marshall Agharanya,US,1:32:26,LR3MS4JI3757A6,248,257,261,265,291,481,264,381,281,302,272,167,286,420,329,592,2229,2865,452,5546
s8-2025-beijing,hyrox-pro-men,105,杨 李,CN,1:33:02,LR3MS4JI375A8C,242,273,261,332,281,563,315,237,313,278,316,170,323,289,389,484,2437,2626,519,5582
s8-2025-beijing,hyrox-pro-men,106,宇晨 常,CN,1:33:05,LR3MS4JI375DC1,247,290,253,282,285,613,285,283,316,282,291,148,313,322,412,372,2399,2592,594,5585
s8-2025-beijing,hyrox-pro-men,107,宏 杨,CN,1:33:06,LR3MS4JI375D36,250,264,252,243,275,461,258,248,284,283,272,163,273,455,317,626,2176,2743,667,5586
s8-2025-beijing,hyrox-pro-men,108,Patrick Rosevear,NZ,1:33:27,LR3MS4JI375987,217,269,238,285,275,558,284,342,301,292,282,160,282,502,306,618,2183,3026,398,5607
s8-2025-beijing,hyrox-pro-men,109,也 秦,CN,1:33:59,LR3MS4JI375D94,238,271,251,446,281,611,296,362,311,296,303,170,297,417,321,385,2294,2958,387,5639
s8-2025-beijing,hyrox-pro-men,110,乐秋 张,CN,1:34:03,LR3MS4JI375D3D,265,269,271,322,301,612,293,188,308,308,306,182,308,370,382,455,2430,2706,507,5643
s8-2025-beijing,hyrox-pro-men,111,松源 张,CN,1:34:04,LR3MS4JI3757B2,266,265,280,216,315,377,308,362,314,287,306,127,316,369,392,508,2493,2511,640,5644
s8-2025-beijing,hyrox-pro-men,112,让 程,CN,1:34:08,LR3MS4JI375958,262,281,262,323,299,590,286,326,289,288,312,133,304,432,346,412,2356,2785,507,5648
s8-2025-beijing,hyrox-pro-men,113,嘉峰 施,CN,1:34:26,LR3MS4JI375C51,278,256,306,360,327,416,328,309,343,262,331,159,349,326,440,395,2700,2483,483,5666
s8-2025-beijing,hyrox-pro-men,114,征伟 邹,CN,1:34:27,LR3MS4JI375C98,261,268,287,317,323,442,336,293,370,286,320,153,327,314,380,498,2600,2571,496,5667
s8-2025-beijing,hyrox-pro-men,115,锦涛 李,CN,1:34:51,LR3MS4JI3757B1,272,270,269,279,309,543,306,188,302,300,317,170,370,341,350,427,2492,2518,681,5691
s8-2025-beijing,hyrox-pro-men,116,星宇 赵,CN,1:35:00,LR3MS4JI375899,242,281,275,459,311,496,279,279,268,300,279,193,289,352,335,502,2275,2862,563,5700
s8-2025-beijing,hyrox-pro-men,117,健敏 林,CN,1:35:08,LR3MS4JI3759BF,279,280,307,349,342,466,328,243,321,294,308,167,311,336,356,451,2547,2586,575,5708
s8-2025-beijing,hyrox-pro-men,118,亮鑫 俞,CN,1:35:11,LR3MS4JI3759F9,295,288,309,276,329,453,342,264,351,294,327,117,342,354,360,392,2653,2438,620,5711
s8-2025-beijing,hyrox-pro-men,119,Daniel Anderson,GB,1:35:13,LR3MS4JI36EB2C,270,280,285,248,306,481,322,452,323,286,314,125,321,457,341,515,2479,2844,390,5713
s8-2025-beijing,hyrox-pro-men,120,Tsz Kin Lau,HK,1:35:29,LR3MS4JI373E85,238,268,261,339,307,436,322,280,315,278,316,150,497,390,375,516,2628,2657,444,5729
s8-2025-beijing,hyrox-pro-men,121,新浩 朱,CN,1:35:39,LR3MS4JI375B4A,240,264,264,229,295,424,294,231,307,271,336,165,323,357,583,570,2637,2511,591,5739
s8-2025-beijing,hyrox-pro-men,122,Mischi Lucas,IT,1:36:02,LR3MS4JI37581F,285,265,321,227,374,433,341,308,325,279,304,117,318,329,382,621,2646,2579,537,5762
s8-2025-beijing,hyrox-pro-men,123,军 栾,CN,1:36:44,LR3MS4JI3757AE,256,277,279,303,337,509,337,390,331,310,327,118,329,340,364,483,2556,2730,518,5804
s8-2025-beijing,hyrox-pro-men,124,喆祺 张,CN,1:37:07,LR3MS4JI3758E2,250,276,287,221,311,750,283,286,296,277,300,265,300,299,386,550,2411,2924,492,5827
s8-2025-beijing,hyrox-pro-men,125,杰泷 姚,CN,1:37:41,LR3MS4JI375840,237,246,273,276,339,722,309,264,326,283,308,186,309,380,406,452,2503,2809,549,5861
s8-2025-beijing,hyrox-pro-men,126,夏训 张,CN,1:37:44,LR3MS4JI375976,253,256,266,400,577,674,290,204,340,279,298,163,305,309,322,392,2648,2677,539,5864
s8-2025-beijing,hyrox-pro-men,127,松 刘,HK,1:37:51,LR3MS4JI375AF1,241,293,264,431,295,741,297,280,307,294,297,221,307,289,360,549,2365,3098,408,5871
s8-2025-beijing,hyrox-pro-men,128,明岩 段,CN,1:38:00,LR3MS4JI375A9F,296,301,278,319,306,469,309,274,320,305,318,192,309,402,378,607,2509,2869,502,5880
s8-2025-beijing,hyrox-pro-men,129,帆 姚,CN,1:38:00,LR3MS4JI375959,268,263,302,509,311,265,310,286,333,295,340,130,361,313,477,550,2699,2611,570,5880
s8-2025-beijing,hyrox-pro-men,130,王 海鹏,CN,1:38:17,LR3MS4JI375C38,252,302,258,285,319,479,317,280,321,290,335,201,314,274,362,763,2473,2874,550,5897
s8-2025-beijing,hyrox-pro-men,131,剑云 张,CN,1:38:21,LR3MS4JI375ADC,262,271,316,236,387,482,346,252,343,283,324,181,331,396,429,437,2736,2538,627,5901
s8-2025-beijing,hyrox-pro-men,132,Ki Jung,KR,1:38:38,LR3MS4JI36E8F9,246,273,269,418,294,775,295,264,304,306,299,171,301,403,354,535,2358,3145,415,5918
s8-2025-beijing,hyrox-pro-men,133,여광 조,CA,1:38:40,LR3MS4JI373F50,322,253,300,297,302,564,296,253,310,280,294,178,300,410,494,621,2615,2856,449,5920
s8-2025-beijing,hyrox-pro-men,134,永来 常,CN,1:38:50,LR3MS4JI3758E8,288,268,288,290,301,422,320,268,348,297,398,170,390,388,428,414,2759,2517,654,5930
s8-2025-beijing,hyrox-pro-men,135,奕明 尹,CN,1:38:51,LR3MS4JI375D00,265,286,272,311,315,669,302,272,307,300,309,370,311,301,331,560,2408,3069,454,5931
s8-2025-beijing,hyrox-pro-men,136,鹏 张,CN,1:38:53,LR3MS4JI375A22,253,269,291,451,327,513,340,222,341,271,335,178,321,258,478,513,2684,2675,574,5933
s8-2025-beijing,hyrox-pro-men,137,睿 王,CN,1:39:00,LR3MS4JI375DD6,264,299,265,364,291,493,314,256,310,292,315,192,311,323,372,726,2439,2945,556,5940
s8-2025-beijing,hyrox-pro-men,138,宇轩 赵,CN,1:39:00,LR3MS4JI3757DC,262,276,284,284,323,474,336,371,342,316,339,184,343,296,471,443,2697,2644,599,5940
s8-2025-beijing,hyrox-pro-men,139,Richard Fabre,BH,1:40:08,LR3MS4JI36E956,288,267,307,317,323,319,333,317,347,310,337,142,355,381,403,756,2689,2809,510,6008
s8-2025-beijing,hyrox-pro-men,140,佳乐 马,CN,1:40:09,LR3MS4JI3756D1,264,290,284,272,339,685,329,232,335,365,300,161,320,392,339,549,2507,2946,556,6009
s8-2025-beijing,hyrox-pro-men,141,玉帛 陈,CN,1:40:14,LR3MS4JI375A86,254,275,266,273,303,421,314,199,301,288,335,240,389,596,429,598,2588,2890,536,6014
s8-2025-beijing,hyrox-pro-men,142,華強 葉,HK,1:40:48,LR3MS4JI375761,296,264,322,273,336,580,350,277,350,291,347,153,360,278,396,605,2754,2721,573,6048
s8-2025-beijing,hyrox-pro-men,143,超然 黄,CN,1:40:54,LR3MS4JI3756E6,253,269,266,324,304,590,324,378,310,323,282,174,305,351,371,731,2412,3140,502,6054
s8-2025-beijing,hyrox-pro-men,144,芃野 曾,CN,1:41:45,LR3MS4JI3757B0,272,272,359,291,362,489,334,243,364,286,415,172,404,415,432,411,2938,2579,588,6105
s8-2025-beijing,hyrox-pro-men,145,蒙 张,CN,1:42:07,LR3MS4JI375CFC,237,271,273,375,289,521,292,358,425,299,301,222,313,399,490,500,2617,2945,565,6127
s8-2025-beijing,hyrox-pro-men,146,骁 郭,CN,1:42:39,LR3MS4JI375864,271,275,305,306,350,525,374,313,372,308,357,153,363,353,408,506,2797,2739,623,6159
s8-2025-beijing,hyrox-pro-men,147,Kaichen Chang,CN,1:42:51,LR3MS4JI375B5A,301,287,304,211,309,467,368,309,328,318,299,158,401,292,507,476,2813,2518,840,6171
s8-2025-beijing,hyrox-pro-men,148,建 杨,CN,1:42:54,LR3MS4JI37584E,271,283,292,266,330,507,324,380,327,284,316,157,360,363,421,770,2638,3010,526,6174
s8-2025-beijing,hyrox-pro-men,149,明杰 吴,CN,1:43:42,LR3MS4JI37568A,217,275,248,388,285,594,249,339,282,299,389,184,314,551,364,704,2343,3334,545,6222
s8-2025-beijing,hyrox-pro-men,150,鑫 钱,CN,1:44:13,LR3MS4JI375B1E,317,276,350,263,387,388,400,409,403,281,399,149,397,398,472,444,3122,2608,523,6253
s8-2025-beijing,hyrox-pro-men,151,洋 柳,CN,1:44:36,LR3MS4JI375C8B,288,287,293,267,354,530,351,345,360,301,364,209,369,281,396,781,2771,3001,504,6276
s8-2025-beijing,hyrox-pro-men,152,瀚优 梁,CN,1:45:03,LR3MS4JI375BA8,280,284,300,364,365,569,346,365,330,291,332,166,318,500,461,511,2728,3050,525,6303
s8-2025-beijing,hyrox-pro-men,153,Ozora Wijaya Putra,XX,1:45:50,LR3MS4JI36EA1F,310,269,324,349,355,553,359,241,378,291,375,191,387,409,420,471,2905,2774,671,6350
s8-2025-beijing,hyrox-pro-men,154,伟 沈,CN,1:46:32,LR3MS4JI37575A,367,273,281,316,319,426,316,264,599,275,375,166,520,486,323,528,3096,2734,562,6392
s8-2025-beijing,hyrox-pro-men,155,Marcel Lutz,CH,1:47:26,LR3MS4JI373F1B,270,251,287,269,310,614,319,401,332,282,329,127,332,385,418,1024,2592,3353,501,6446
s8-2025-beijing,hyrox-pro-men,156,博 孙,CN,1:48:43,LR3MS4JI37570E,293,302,430,277,309,557,345,228,353,304,383,270,436,437,510,517,3054,2892,577,6523
s8-2025-beijing,hyrox-pro-men,157,景涛 朱,CN,1:51:09,LR3MS4JI375AD1,297,260,331,273,403,511,394,355,450,295,420,184,365,453,462,564,3118,2895,656,6669
s8-2025-beijing,hyrox-pro-men,158,天予 杨,CN,1:51:09,LR3MS4JI3759E1,210,261,543,619,561,699,256,291,260,257,257,140,284,584,310,850,2677,3701,291,6669
s8-2025-beijing,hyrox-pro-men,159,江朋 王,CN,1:51:24,LR3MS4JI3756A7,221,269,327,359,363,589,309,332,325,294,521,189,350,367,576,753,2988,3152,544,6684
s8-2025-beijing,hyrox-pro-men,160,铭剑 黄,CN,1:51:35,LR3MS4JI375742,280,292,301,253,382,581,416,352,416,312,355,223,334,368,431,773,2911,3154,630,6695
s8-2025-beijing,hyrox-pro-men,161,顺渝 蒋,CN,1:52:48,LR3MS4JI375B06,240,294,321,344,421,483,410,200,468,353,421,162,416,570,434,620,3126,3026,616,6768
s8-2025-beijing,hyrox-pro-men,162,作鹏 刘,CN,1:53:15,LR3MS4JI375B4C,332,293,339,300,400,676,389,463,383,284,370,211,391,379,426,509,3026,3115,654,6795
s8-2025-beijing,hyrox-pro-men,163,Ren Quan Nick Wong,MY,1:53:40,LR3MS4JI36E78A,299,319,300,304,310,703,304,289,310,296,320,156,312,501,385,1124,2537,3692,591,6820
s8-2025-beijing,hyrox-pro-men,164,Geoffrey Tastevin,FR,1:53:42,LR3MS4JI37595B,321,275,377,236,365,410,353,524,363,317,342,118,395,635,583,445,3095,2960,767,6822
s8-2025-beijing,hyrox-pro-men,165,坦 张,CN,1:54:41,LR3MS4JI375AC7,258,283,273,323,335,745,309,466,300,277,319,234,330,741,436,705,2556,3774,551,6881
s8-2025-beijing,hyrox-pro-men,166,业康 许,CN,1:55:03,LR3MS4JI3756D8,273,292,309,311,358,694,522,364,380,283,377,139,387,276,699,564,3303,2923,677,6903
s8-2025-beijing,hyrox-pro-men,167,爽 闫,CN,1:55:36,LR3MS4JI3757CB,275,292,312,637,335,725,334,426,353,299,332,211,417,426,417,449,2772,3465,699,6936
s8-2025-beijing,hyrox-pro-men,168,冰 韩,CN,1:55:54,LR3MS4JI375B9B,283,280,313,395,352,545,379,403,397,309,396,245,404,583,500,646,3021,3406,527,6954
s8-2025-beijing,hyrox-pro-men,169,振鹏 李,CN,1:56:33,LR3MS4JI375CA1,308,276,334,336,369,460,393,270,398,296,414,182,651,342,607,707,3471,2869,653,6993
s8-2025-beijing,hyrox-pro-men,170,冠霖 李,CN,1:56:38,LR3MS4JI375D4D,284,279,290,88,349,629,349,321,412,298,395,145,647,360,1095,493,3816,2613,569,6998
s8-2025-beijing,hyrox-pro-men,171,毅伟 黄,CN,1:57:12,LR3MS4JI37577E,287,282,321,402,371,740,379,344,379,320,383,182,424,391,489,725,3029,3386,617,7032
s8-2025-beijing,hyrox-pro-men,172,江 余,CN,1:57:23,LR3MS4JI375DA5,272,290,308,377,609,851,346,329,329,308,326,225,356,413,387,740,2931,3533,579,7043
s8-2025-beijing,hyrox-pro-men,173,玉晨 张,CN,1:59:26,LR3MS4JI3758DA,302,290,338,384,379,744,369,390,367,299,364,245,382,574,417,631,2914,3557,695,7166
s8-2025-beijing,hyrox-pro-men,174,家旺 刁,CN,1:59:31,LR3MS4JI375E01,282,277,382,253,443,427,434,475,476,318,400,126,421,508,606,686,3442,3070,659,7171
s8-2025-beijing,hyrox-pro-men,175,琮 华,CN,2:00:53,LR3MS4JI3757D5,306,314,330,306,385,604,413,353,429,326,412,188,416,394,532,846,3219,3331,703,7253
s8-2025-beijing,hyrox-pro-men,176,义 宋,CN,2:00:57,LR3MS4JI37592A,240,285,287,334,316,675,334,323,396,320,361,202,384,804,677,676,2993,3619,645,7257
s8-2025-beijing,hyrox-pro-men,177,树人 宋,CN,2:00:59,LR3MS4JI375750,445,278,497,287,392,459,401,426,415,313,427,177,465,432,629,525,3667,2897,695,7259
s8-2025-beijing,hyrox-pro-men,178,Jan Vocke,DE,2:01:57,LR3MS4JI36E909,378,270,404,286,400,437,414,521,414,288,394,197,412,497,485,702,3299,3198,820,7317
s8-2025-beijing,hyrox-pro-men,179,Froilan Poch,ES,2:02:24,LR3MS4JI36E975,288,316,301,317,334,647,341,590,358,371,344,219,372,560,443,849,2777,3869,698,7344
s8-2025-beijing,hyrox-pro-men,180,欣霖 吴,CN,2:04:41,LR3MS4JI375C1A,287,285,351,331,417,636,352,368,439,295,531,232,444,569,574,661,3392,3377,712,7481
s8-2025-beijing,hyrox-pro-men,181,Ratish Singh,FJ,2:05:08,LR3MS4JI375C72,321,263,377,349,396,564,458,469,417,313,421,210,448,508,498,668,3333,3344,831,7508
s8-2025-beijing,hyrox-pro-men,182,鑫渊 崔,CN,2:05:37,LR3MS4JI375D26,267,312,316,386,365,1090,367,319,398,337,374,286,366,446,586,655,3035,3831,671,7537
s8-2025-beijing,hyrox-pro-men,183,慧丰 贺,CN,2:06:34,LR3MS4JI375C6E,284,281,299,411,314,871,291,353,301,323,313,447,300,636,376,1071,2474,4393,727,7594
s8-2025-beijing,hyrox-pro-men,184,Christopher Soh,SG,2:07:13,LR3MS4JI36E970,318,282,335,295,357,517,375,284,644,311,490,258,695,475,666,659,3878,3081,674,7633
s8-2025-beijing,hyrox-pro-men,185,梓民 王,CN,2:07:58,LR3MS4JI375687,246,267,256,239,277,844,339,350,306,282,290,145,313,745,428,1960,2452,4832,394,7678
s8-2025-beijing,hyrox-pro-men,186,永新 王,CN,2:09:15,LR3MS4JI37574F,298,270,350,300,581,604,473,356,512,297,495,170,542,425,698,577,3946,2999,810,7755
s8-2025-beijing,hyrox-pro-men,187,戈 金,CN,2:12:33,LR3MS4JI375781,612,275,358,471,413,595,433,514,468,298,470,180,492,415,544,841,3787,3589,577,7953
s8-2025-beijing,hyrox-pro-men,188,Karim Laaboubi,MA,2:15:00,LR3MS4JI36E900,278,295,340,454,388,730,420,499,409,342,478,244,447,503,561,866,3319,3933,848,8100
s8-2025-beijing,hyrox-pro-men,189,轶冬 王,CN,2:17:22,LR3MS4JI375B9D,255,291,269,692,331,1008,325,443,339,328,315,225,337,700,402,1363,2570,5050,622,8242
s8-2025-beijing,hyrox-pro-men,190,慧元 刘,CN,2:21:21,LR3MS4JI375E1A,286,284,336,497,407,703,465,500,511,339,399,181,407,628,1160,646,3969,3778,734,8481
s8-2025-beijing,hyrox-pro-men,191,Hong Woon Koay,MY,2:26:18,LR3MS4JI375A0B,376,305,405,667,427,893,449,515,461,328,455,363,504,566,635,782,3708,4419,651,8778
s8-2025-beijing,hyrox-pro-men,192,坤 陈,CN,2:31:55,LR3MS4JI3758F4,298,311,377,602,724,708,632,641,525,352,559,224,581,804,774,225,4467,3867,781,9115
s8-2025-beijing,hyrox-pro-men,193,江涵 李,CN,2:32:41,LR3MS4JI375CD7,263,302,274,452,315,1315,299,308,311,306,326,232,346,699,462,2357,2592,5971,598,9161
s8-2025-beijing,hyrox-pro-men,194,丹 李,CN,2:35:01,LR3MS4JI375998,312,307,362,406,406,775,480,685,596,381,447,196,484,554,795,1127,3878,4431,992,9301
s8-2025-beijing,hyrox-pro-men,195,修功 庄,CN,3:41:25,LR3MS4JI375CE4,554,338,761,318,975,1314,880,696,1018,349,970,238,893,689,1064,1118,7110,5060,1115,13285
s8-2025-beijing,hyrox-pro-women,1,Sarà Gandola,IT,1:05:20,LR3MS4JI375C06,214,261,221,218,231,271,234,189,233,277,230,105,236,231,243,253,1838,1805,277,3920
s8-2025-beijing,hyrox-pro-women,2,芳 朱,CN,1:05:22,LR3MS4JI3758E1,225,264,229,190,231,244,230,164,234,280,239,109,236,233,257,254,1877,1738,307,3922
s8-2025-beijing,hyrox-pro-women,3,Clare Cheung,HK,1:07:55,LR3MS4JI373F07,214,279,222,198,236,298,236,139,251,283,242,106,249,212,267,277,1915,1792,368,4075
s8-2025-beijing,hyrox-pro-women,4,付利 许,CN,1:09:36,LR3MS4JI375D5D,239,287,244,191,261,269,261,208,262,275,257,110,260,199,278,270,2058,1809,309,4176
s8-2025-beijing,hyrox-pro-women,5,佳丽 万,CN,1:12:34,LR3MS4JI375D71,250,272,264,204,277,296,267,218,275,270,275,117,272,227,292,250,2169,1854,331,4354
s8-2025-beijing,hyrox-pro-women,6,Biddy (Bridgette) Sefton,NZ,1:13:52,LR3MS4JI375BFA,254,272,259,182,272,256,270,271,275,280,273,117,279,286,297,281,2175,1945,312,4432
s8-2025-beijing,hyrox-pro-women,7,佳芸 晏,CN,1:15:52,LR3MS4JI375980,245,273,268,303,302,303,308,234,276,277,276,117,268,233,285,255,2224,1995,333,4552
s8-2025-beijing,hyrox-pro-women,8,蓓萱 张,CN,1:16:42,LR3MS4JI375D92,244,279,252,236,261,390,255,222,265,281,265,131,267,255,281,382,2088,2176,338,4602
s8-2025-beijing,hyrox-pro-women,9,颍风 宗,CN,1:17:15,LR3MS4JI375D2A,266,275,269,228,279,297,280,238,287,280,282,121,286,236,325,280,2270,1955,410,4635
s8-2025-beijing,hyrox-pro-women,10,Ka Yan Wong,HK,1:17:23,LR3MS4JI373EEC,244,265,260,241,271,307,282,216,278,286,271,128,287,267,305,411,2194,2121,328,4643
s8-2025-beijing,hyrox-pro-women,11,Yvonne Elizabeth Chee,SG,1:21:27,LR3MS4JI36EAB5,248,308,247,294,263,322,266,306,270,320,273,170,272,330,298,366,2133,2416,338,4887
s8-2025-beijing,hyrox-pro-women,12,文郁 祁,CN,1:21:28,LR3MS4JI3758AB,244,308,264,273,288,323,285,242,274,316,280,123,287,304,300,397,2218,2286,384,4888
s8-2025-beijing,hyrox-pro-women,13,庄 于,CN,1:21:39,LR3MS4JI375AC6,264,296,274,247,275,384,284,273,284,303,275,120,280,287,309,355,2241,2265,393,4899
s8-2025-beijing,hyrox-pro-women,14,雨桐 王,CN,1:23:03,LR3MS4JI375A93,272,307,263,284,268,448,276,214,276,295,278,138,271,284,293,434,2193,2404,386,4983
s8-2025-beijing,hyrox-pro-women,15,Christie Ho,HK,1:23:05,LR3MS4JI375DCC,272,291,270,226,283,406,291,273,281,314,284,201,289,284,313,362,2278,2357,350,4985
s8-2025-beijing,hyrox-pro-women,16,敏 李,CN,1:25:18,LR3MS4JI3759AD,289,274,294,243,311,349,304,215,310,275,315,163,320,332,342,268,2482,2119,517,5118
s8-2025-beijing,hyrox-pro-women,17,钰婕 汪,CN,1:25:34,LR3MS4JI375DA0,261,275,297,296,319,331,328,287,323,277,321,132,329,239,379,288,2553,2125,456,5134
s8-2025-beijing,hyrox-pro-women,18,丹妮 马,CN,1:26:01,LR3MS4JI375782,275,294,269,213,289,425,289,183,310,317,288,171,295,438,327,291,2339,2332,490,5161
s8-2025-beijing,hyrox-pro-women,19,晓君 马,CN,1:26:03,LR3MS4JI375C99,277,305,280,248,311,445,310,210,311,310,314,138,329,216,348,328,2478,2200,485,5163
s8-2025-beijing,hyrox-pro-women,20,Elly Morgan,SG,1:26:37,LR3MS4JI36EB67,268,310,291,257,325,379,334,291,321,313,310,127,320,296,344,286,2510,2259,428,5197
s8-2025-beijing,hyrox-pro-women,21,宝琴 于,CN,1:26:47,LR3MS4JI375B65,271,288,275,349,284,338,297,390,289,292,298,161,277,274,308,414,2296,2506,405,5207
s8-2025-beijing,hyrox-pro-women,22,丽玲 邓,CN,1:27:26,LR3MS4JI37592E,302,303,309,250,323,284,325,329,325,293,315,147,329,308,360,335,2584,2249,413,5246
s8-2025-beijing,hyrox-pro-women,23,Cheryl Guek,SG,1:28:24,LR3MS4JI36EBD4,271,295,279,289,304,355,316,286,336,301,309,180,306,279,375,365,2493,2350,461,5304
s8-2025-beijing,hyrox-pro-women,24,荷 李,CN,1:29:52,LR3MS4JI375ABD,285,286,298,263,332,296,328,251,333,292,327,154,332,320,354,473,2584,2335,473,5392
s8-2025-beijing,hyrox-pro-women,25,Eileen Chua,SG,1:30:08,LR3MS4JI36EBF1,284,290,280,296,305,397,300,313,306,313,304,200,321,350,350,418,2446,2577,385,5408
s8-2025-beijing,hyrox-pro-women,26,思 陈,CN,1:30:45,LR3MS4JI375C67,299,296,293,310,299,398,303,267,303,325,297,200,312,266,375,402,2478,2464,503,5445
s8-2025-beijing,hyrox-pro-women,27,盈 潘,CN,1:30:51,LR3MS4JI3756B5,253,306,263,383,268,529,275,261,283,314,287,125,284,342,333,570,2242,2830,379,5451
s8-2025-beijing,hyrox-pro-women,28,瑾 王,CN,1:31:12,LR3MS4JI375A7F,273,305,278,335,312,398,309,222,319,325,337,170,343,336,403,372,2571,2463,438,5472
s8-2025-beijing,hyrox-pro-women,29,思奇 刘,CN,1:32:22,LR3MS4JI37581A,278,300,283,275,303,454,313,234,295,324,305,167,320,394,390,440,2484,2588,470,5542
s8-2025-beijing,hyrox-pro-women,30,紫青 蔡,CN,1:32:31,LR3MS4JI375D61,291,309,310,313,326,408,324,254,322,320,329,151,343,324,371,404,2612,2483,456,5551
s8-2025-beijing,hyrox-pro-women,31,Kylie Spiller,AU,1:33:15,LR3MS4JI373EEA,265,298,283,300,300,406,303,421,306,320,310,171,309,362,340,432,2412,2710,473,5595
s8-2025-beijing,hyrox-pro-women,32,梦迪 李,CN,1:33:37,LR3MS4JI375CEB,296,340,312,308,315,447,318,251,333,321,322,187,331,320,360,434,2584,2608,425,5617
s8-2025-beijing,hyrox-pro-women,33,程程 王,CN,1:33:57,LR3MS4JI375B0F,293,308,300,319,317,411,321,359,347,308,327,131,327,352,379,376,2608,2564,465,5637
s8-2025-beijing,hyrox-pro-women,34,玉 任,CN,1:34:21,LR3MS4JI375BA2,302,321,313,241,332,490,326,378,333,308,324,197,321,309,365,391,2612,2635,414,5661
s8-2025-beijing,hyrox-pro-women,35,Jo-Ann Hamilton,XX,1:34:52,LR3MS4JI375B35,296,293,322,261,325,396,335,384,322,340,317,175,331,319,389,467,2633,2635,424,5692
s8-2025-beijing,hyrox-pro-women,36,Shi Kwan Wong,HK,1:35:55,LR3MS4JI375B4B,264,308,288,366,306,491,304,390,303,325,307,157,313,345,340,494,2420,2876,459,5755
s8-2025-beijing,hyrox-pro-women,37,文婷 张,CN,1:35:55,LR3MS4JI3756C6,229,304,260,791,291,511,273,238,288,327,282,193,283,350,320,385,2222,3099,434,5755
s8-2025-beijing,hyrox-pro-women,38,文越 时,CN,1:38:55,LR3MS4JI37574E,276,296,286,257,306,406,306,331,306,556,315,167,346,357,379,535,2518,2905,512,5935
s8-2025-beijing,hyrox-pro-women,39,蔚然 张,CN,1:40:29,LR3MS4JI375927,311,337,324,203,337,597,345,353,368,312,367,113,382,286,449,370,2880,2571,578,6029
s8-2025-beijing,hyrox-pro-women,40,祥钰 孟,CN,1:40:32,LR3MS4JI375B6D,325,319,340,347,345,413,344,295,357,322,354,236,361,367,412,434,2835,2733,464,6032
s8-2025-beijing,hyrox-pro-women,41,沙 常,CN,1:40:48,LR3MS4JI375D42,302,308,315,309,341,455,361,349,380,317,370,188,392,392,433,362,2889,2680,479,6048
s8-2025-beijing,hyrox-pro-women,42,璧娴 杨,CN,1:41:00,LR3MS4JI3757D2,285,347,293,355,307,643,302,284,319,330,313,183,325,334,364,534,2505,3010,545,6060
s8-2025-beijing,hyrox-pro-women,43,Mee Yon Lau,SG,1:41:26,LR3MS4JI373F04,303,298,312,414,336,612,368,293,330,328,347,188,342,376,386,439,2721,2948,417,6086
s8-2025-beijing,hyrox-pro-women,44,柔容 莫,CN,1:41:35,LR3MS4JI375853,276,287,324,332,329,568,316,448,330,320,326,153,329,339,360,450,2588,2897,610,6095
s8-2025-beijing,hyrox-pro-women,45,晓燕 苏,CN,1:42:06,LR3MS4JI3759A4,256,328,273,310,306,496,603,306,336,319,326,236,309,415,359,481,2765,2891,470,6126
s8-2025-beijing,hyrox-pro-women,46,挚 李,CN,1:42:09,LR3MS4JI375A7B,287,288,299,295,332,445,339,394,357,322,355,243,363,378,422,505,2751,2870,508,6129
s8-2025-beijing,hyrox-pro-women,47,梦媛 李,CN,1:42:19,LR3MS4JI375BFE,313,310,307,269,316,374,320,340,593,332,319,163,319,338,372,764,2856,2890,393,6139
s8-2025-beijing,hyrox-pro-women,48,湛 朴,CN,1:42:47,LR3MS4JI375D3C,293,316,308,340,322,475,346,375,343,321,333,154,360,370,402,587,2705,2938,524,6167
s8-2025-beijing,hyrox-pro-women,49,倩 刘,CN,1:43:30,LR3MS4JI375BFB,409,303,325,220,348,460,339,284,378,320,342,195,361,370,443,530,2942,2682,586,6210
s8-2025-beijing,hyrox-pro-women,50,琳琳 杨,CN,1:44:49,LR3MS4JI3758FF,300,297,310,276,347,535,345,391,360,302,350,235,351,417,428,519,2787,2972,530,6289
s8-2025-beijing,hyrox-pro-women,51,Neha Banu,NP,1:45:12,LR3MS4JI36E9D3,349,328,345,314,392,414,375,302,392,344,378,177,398,430,461,359,3085,2668,559,6312
s8-2025-beijing,hyrox-pro-women,52,Cheuk Lam Mak,HK,1:45:47,LR3MS4JI375A40,305,309,334,449,342,385,343,348,350,320,355,232,375,427,424,460,2825,2930,592,6347
s8-2025-beijing,hyrox-pro-women,53,Alison Wilson,AU,1:45:50,LR3MS4JI36EB6B,331,329,327,256,338,633,347,345,347,348,343,225,346,469,387,534,2762,3139,449,6350
s8-2025-beijing,hyrox-pro-women,54,Xinran Wu,CN,1:46:21,LR3MS4JI36E7DC,304,337,323,306,337,511,322,478,340,341,328,251,336,384,410,594,2696,3202,483,6381
s8-2025-beijing,hyrox-pro-women,55,晗 张,CN,1:49:37,LR3MS4JI375B89,323,296,336,400,356,531,364,405,368,300,373,209,379,350,383,735,2878,3226,473,6577
s8-2025-beijing,hyrox-pro-women,56,Doreen Nisha Singh,FJ,1:50:56,LR3MS4JI3758BC,322,293,334,327,332,560,341,438,353,325,351,176,357,459,388,839,2774,3417,465,6656
s8-2025-beijing,hyrox-pro-women,57,莎莎 王,CN,1:51:21,LR3MS4JI3757E3,303,333,323,413,443,512,372,362,379,355,378,267,370,412,441,512,3005,3166,510,6681
s8-2025-beijing,hyrox-pro-women,58,娜 庄,CN,1:52:03,LR3MS4JI375D01,304,326,325,437,340,643,343,347,370,363,369,220,371,377,446,628,2864,3341,518,6723
s8-2025-beijing,hyrox-pro-women,59,永瑩 樊,HK,1:52:08,LR3MS4JI3756A1,304,323,326,350,334,529,341,421,333,338,341,267,358,338,451,770,2784,3336,608,6728
s8-2025-beijing,hyrox-pro-women,60,艾瑄 王,CN,1:52:49,LR3MS4JI375902,469,330,339,321,372,402,351,520,342,339,366,197,395,437,463,467,3093,3013,663,6769
s8-2025-beijing,hyrox-pro-women,61,龙嘎娃 苏,CN,1:54:14,LR3MS4JI3758F7,257,373,294,372,305,685,312,429,341,344,319,298,341,534,427,780,2593,3815,446,6854
s8-2025-beijing,hyrox-pro-women,62,Siow Nee Loh,SG,1:55:31,LR3MS4JI36E7A0,287,322,308,404,333,640,336,545,356,335,352,295,361,558,485,571,2813,3670,448,6931
s8-2025-beijing,hyrox-pro-women,63,琛 莫,CN,1:57:38,LR3MS4JI37582D,330,333,365,459,389,630,391,289,427,353,434,223,431,423,489,538,3253,3248,557,7058
s8-2025-beijing,hyrox-pro-women,64,Corina Chiu,HK,1:58:02,LR3MS4JI373E8E,366,320,375,358,403,479,407,423,415,332,409,239,425,432,497,593,3294,3176,612,7082
s8-2025-beijing,hyrox-pro-women,65,雯琦 滕,CN,1:59:57,LR3MS4JI3759C0,253,306,310,410,552,506,422,442,434,303,398,150,436,320,581,799,3384,3236,577,7197
s8-2025-beijing,hyrox-pro-women,66,建云 窦,CN,2:04:04,LR3MS4JI3756AE,263,309,568,270,576,527,582,277,589,321,580,192,595,348,627,448,4377,2692,375,7444
s8-2025-beijing,hyrox-pro-women,67,玲韫 杨,CN,2:06:03,LR3MS4JI3756B6,464,322,337,377,352,648,372,483,383,344,413,250,398,551,459,828,3174,3803,586,7563
s8-2025-beijing,hyrox-pro-women,68,红梅 孙,CN,2:08:23,LR3MS4JI375886,351,338,369,281,372,654,397,409,580,329,417,241,663,468,472,785,3616,3505,582,7703
s8-2025-beijing,hyrox-pro-women,69,菁 王,CN,2:09:32,LR3MS4JI375C45,357,308,391,311,581,490,435,573,474,335,445,182,451,474,665,588,3795,3261,716,7772
s8-2025-beijing,hyrox-pro-women,70,艳玲 高,CN,2:10:21,LR3MS4JI375D3B,313,325,353,740,368,874,386,353,394,370,386,245,386,466,480,698,3062,4071,688,7821
s8-2025-beijing,hyrox-pro-women,71,Noura Toufik,MA,2:11:44,LR3MS4JI36E901,336,356,386,341,416,519,406,569,426,366,431,243,447,476,565,781,3409,3651,844,7904
s8-2025-beijing,hyrox-pro-women,72,丛聪 李,CN,2:12:35,LR3MS4JI375B18,494,330,369,657,357,779,377,429,383,326,405,317,461,455,565,480,3405,3773,777,7955
s8-2025-beijing,hyrox-pro-women,73,Mondy Fan,HK,2:15:10,LR3MS4JI36E8D9,313,338,518,486,394,683,398,440,403,390,413,247,425,582,702,732,3563,3898,649,8110
s8-2025-beijing,hyrox-pro-women,74,小尧 袁,CN,2:23:16,LR3MS4JI375CAB,310,322,606,386,610,577,619,394,613,323,612,267,610,369,704,587,4680,3225,691,8596
s8-2025-beijing,hyrox-pro-women,75,Imelda Law,HK,2:23:21,LR3MS4JI375CDE,377,339,418,756,438,722,454,453,458,348,447,368,470,585,562,832,3620,4403,578,8601
s8-2025-beijing,hyrox-pro-women,76,云 侯,CN,2:23:39,LR3MS4JI375968,313,386,340,716,381,987,476,462,392,404,400,226,404,511,497,1003,3199,4695,725,8619
s8-2025-beijing,hyrox-pro-women,77,华晔 唐,CN,2:35:11,LR3MS4JI375DB3,397,347,368,468,407,749,393,617,658,354,494,328,734,496,744,1000,4191,4359,761,9311
s8-2025-beijing,hyrox-pro-women,78,洁 丁,CN,5:04:52,LR3MS4JI375CB9,281,416,303,564,320,1502,322,807,361,414,336,1619,361,620,492,8613,2773,14555,964,18292
